# Blender v2.83.0 OBJ File: ''
# www.blender.org
mtllib cubesphere.mtl
o Cube
v 0.288675 0.288676 -0.288676
v 0.288675 -0.288675 -0.288675
v 0.288675 0.288676 0.288676
v 0.288675 -0.288676 0.288676
v -0.288675 0.288676 -0.288676
v -0.288675 -0.288676 -0.288676
v -0.288675 0.288676 0.288676
v -0.288675 -0.288676 0.288676
v -0.298304 -0.298304 -0.268384
v -0.309335 -0.309335 -0.242124
v -0.321163 -0.321163 -0.209067
v -0.332001 -0.332002 -0.171902
v -0.341085 -0.341085 -0.131616
v -0.347907 -0.347907 -0.089003
v -0.352127 -0.352128 -0.044864
v -0.353553 -0.353554 -0.000000
v -0.352127 -0.352128 0.044864
v -0.347907 -0.347907 0.089003
v -0.341085 -0.341085 0.131616
v -0.332001 -0.332002 0.171902
v -0.321163 -0.321163 0.209067
v -0.309335 -0.309335 0.242124
v -0.298304 -0.298304 0.268384
v 0.268384 -0.298304 -0.298304
v 0.242124 -0.309335 -0.309335
v 0.209066 -0.321163 -0.321163
v 0.171902 -0.332002 -0.332002
v 0.131616 -0.341085 -0.341085
v 0.089003 -0.347907 -0.347907
v 0.044864 -0.352128 -0.352128
v 0.000000 -0.353554 -0.353554
v -0.044864 -0.352128 -0.352128
v -0.089003 -0.347907 -0.347907
v -0.131616 -0.341085 -0.341085
v -0.171902 -0.332002 -0.332002
v -0.209066 -0.321163 -0.321163
v -0.242124 -0.309335 -0.309335
v -0.268384 -0.298304 -0.298304
v 0.298304 0.268384 -0.298304
v 0.309335 0.242124 -0.309335
v 0.321163 0.209067 -0.321163
v 0.332001 0.171902 -0.332002
v 0.341085 0.131616 -0.341085
v 0.347907 0.089003 -0.347907
v 0.352127 0.044864 -0.352128
v 0.353553 0.000000 -0.353554
v 0.352127 -0.044864 -0.352128
v 0.347907 -0.089003 -0.347907
v 0.341085 -0.131616 -0.341085
v 0.332001 -0.171902 -0.332002
v 0.321163 -0.209067 -0.321163
v 0.309335 -0.242124 -0.309335
v 0.298304 -0.268384 -0.298304
v -0.298304 -0.268384 0.298304
v -0.309335 -0.242124 0.309335
v -0.321163 -0.209067 0.321163
v -0.332001 -0.171902 0.332002
v -0.341085 -0.131616 0.341085
v -0.347907 -0.089003 0.347907
v -0.352127 -0.044864 0.352128
v -0.353553 -0.000000 0.353554
v -0.352127 0.044864 0.352128
v -0.347907 0.089003 0.347907
v -0.341085 0.131616 0.341085
v -0.332001 0.171902 0.332002
v -0.321163 0.209067 0.321163
v -0.309335 0.242124 0.309335
v -0.298304 0.268384 0.298304
v 0.298304 0.268384 0.298304
v 0.309335 0.242124 0.309335
v 0.321163 0.209067 0.321163
v 0.332001 0.171902 0.332002
v 0.341085 0.131616 0.341085
v 0.347907 0.089003 0.347907
v 0.352127 0.044864 0.352128
v 0.353553 0.000000 0.353554
v 0.352127 -0.044864 0.352128
v 0.347907 -0.089003 0.347907
v 0.341085 -0.131616 0.341085
v 0.332001 -0.171902 0.332002
v 0.321163 -0.209067 0.321163
v 0.309335 -0.242124 0.309335
v 0.298304 -0.268384 0.298304
v -0.298304 0.268384 -0.298304
v -0.309335 0.242124 -0.309335
v -0.321163 0.209067 -0.321163
v -0.332001 0.171902 -0.332002
v -0.341085 0.131616 -0.341085
v -0.347907 0.089003 -0.347907
v -0.352127 0.044864 -0.352128
v -0.353553 -0.000000 -0.353554
v -0.352127 -0.044864 -0.352128
v -0.347907 -0.089003 -0.347907
v -0.341085 -0.131616 -0.341085
v -0.332001 -0.171902 -0.332002
v -0.321163 -0.209067 -0.321163
v -0.309335 -0.242124 -0.309335
v -0.298304 -0.268384 -0.298304
v 0.268384 0.298304 0.298304
v 0.242124 0.309335 0.309335
v 0.209066 0.321163 0.321163
v 0.171902 0.332002 0.332002
v 0.131616 0.341085 0.341085
v 0.089003 0.347907 0.347907
v 0.044864 0.352128 0.352128
v -0.000000 0.353554 0.353554
v -0.044864 0.352128 0.352128
v -0.089003 0.347907 0.347907
v -0.131616 0.341085 0.341085
v -0.171902 0.332002 0.332002
v -0.209066 0.321163 0.321163
v -0.242124 0.309335 0.309335
v -0.268384 0.298304 0.298304
v 0.298304 0.298304 -0.268384
v 0.309335 0.309335 -0.242124
v 0.321163 0.321163 -0.209067
v 0.332001 0.332002 -0.171902
v 0.341085 0.341085 -0.131616
v 0.347907 0.347907 -0.089003
v 0.352127 0.352128 -0.044864
v 0.353553 0.353554 0.000000
v 0.352127 0.352128 0.044864
v 0.347907 0.347907 0.089003
v 0.341085 0.341085 0.131616
v 0.332001 0.332002 0.171902
v 0.321163 0.321163 0.209067
v 0.309335 0.309335 0.242124
v 0.298304 0.298304 0.268384
v -0.268384 -0.298304 0.298304
v -0.242124 -0.309335 0.309335
v -0.209066 -0.321163 0.321163
v -0.171902 -0.332002 0.332002
v -0.131616 -0.341085 0.341085
v -0.089003 -0.347907 0.347907
v -0.044864 -0.352128 0.352128
v -0.000000 -0.353554 0.353554
v 0.044864 -0.352128 0.352128
v 0.089003 -0.347907 0.347907
v 0.131616 -0.341085 0.341085
v 0.171902 -0.332002 0.332002
v 0.209066 -0.321163 0.321163
v 0.242124 -0.309335 0.309335
v 0.268384 -0.298304 0.298304
v -0.298304 0.298304 0.268384
v -0.309335 0.309335 0.242124
v -0.321163 0.321163 0.209067
v -0.332001 0.332002 0.171902
v -0.341085 0.341085 0.131616
v -0.347907 0.347907 0.089003
v -0.352127 0.352128 0.044864
v -0.353553 0.353554 -0.000000
v -0.352127 0.352128 -0.044864
v -0.347907 0.347907 -0.089003
v -0.341085 0.341085 -0.131616
v -0.332001 0.332002 -0.171902
v -0.321163 0.321163 -0.209067
v -0.309335 0.309335 -0.242124
v -0.298304 0.298304 -0.268384
v -0.268384 0.298304 -0.298304
v -0.242124 0.309335 -0.309335
v -0.209066 0.321163 -0.321163
v -0.171902 0.332002 -0.332002
v -0.131616 0.341085 -0.341085
v -0.089003 0.347907 -0.347907
v -0.044864 0.352128 -0.352128
v 0.000000 0.353554 -0.353554
v 0.044864 0.352128 -0.352128
v 0.089003 0.347907 -0.347907
v 0.131616 0.341085 -0.341085
v 0.171902 0.332002 -0.332002
v 0.209066 0.321163 -0.321163
v 0.242124 0.309335 -0.309335
v 0.268384 0.298304 -0.298304
v 0.298304 -0.298304 0.268384
v 0.309335 -0.309335 0.242124
v 0.321163 -0.321163 0.209067
v 0.332001 -0.332002 0.171902
v 0.341085 -0.341085 0.131616
v 0.347907 -0.347907 0.089003
v 0.352127 -0.352128 0.044864
v 0.353553 -0.353554 0.000000
v 0.352127 -0.352128 -0.044864
v 0.347907 -0.347907 -0.089003
v 0.341085 -0.341085 -0.131616
v 0.332001 -0.332002 -0.171902
v 0.321163 -0.321163 -0.209067
v 0.309335 -0.309335 -0.242124
v 0.298304 -0.298304 -0.268384
v 0.273703 0.316503 -0.273703
v 0.244407 0.333093 -0.281628
v 0.210654 0.347851 -0.290904
v 0.173064 0.360672 -0.299942
v 0.132442 0.371156 -0.307738
v 0.089534 0.378907 -0.313710
v 0.045125 0.383637 -0.317470
v -0.000000 0.385217 -0.318761
v -0.045125 0.383637 -0.317470
v -0.089534 0.378906 -0.313710
v -0.132442 0.371156 -0.307738
v -0.173064 0.360672 -0.299942
v -0.210654 0.347851 -0.290904
v -0.244407 0.333093 -0.281628
v -0.273703 0.316503 -0.273703
v 0.281628 0.333093 -0.244408
v 0.250028 0.353514 -0.250029
v 0.214727 0.371135 -0.257199
v 0.176085 0.385975 -0.264609
v 0.134603 0.397911 -0.271199
v 0.090932 0.406639 -0.276364
v 0.045813 0.411920 -0.279685
v 0.000000 0.413674 -0.280846
v -0.045813 0.411920 -0.279685
v -0.090932 0.406639 -0.276364
v -0.134603 0.397911 -0.271199
v -0.176085 0.385975 -0.264609
v -0.214727 0.371135 -0.257199
v -0.250028 0.353514 -0.250029
v -0.281628 0.333093 -0.244408
v 0.290904 0.347851 -0.210654
v 0.257199 0.371135 -0.214727
v 0.220236 0.391143 -0.220236
v 0.180255 0.407868 -0.226169
v 0.137616 0.421214 -0.231605
v 0.092895 0.430915 -0.235973
v 0.046785 0.436766 -0.238846
v 0.000000 0.438706 -0.239870
v -0.046785 0.436766 -0.238846
v -0.092895 0.430915 -0.235973
v -0.137616 0.421214 -0.231605
v -0.180255 0.407868 -0.226169
v -0.220236 0.391143 -0.220236
v -0.257199 0.371135 -0.214727
v -0.290904 0.347851 -0.210654
v 0.299942 0.360672 -0.173064
v 0.264609 0.385975 -0.176085
v 0.226169 0.407868 -0.180255
v 0.184848 0.426219 -0.184848
v 0.140988 0.440837 -0.189172
v 0.095123 0.451448 -0.192736
v 0.047898 0.457854 -0.195131
v 0.000000 0.459983 -0.196001
v -0.047898 0.457854 -0.195131
v -0.095123 0.451448 -0.192736
v -0.140988 0.440837 -0.189172
v -0.184848 0.426219 -0.184848
v -0.226169 0.407868 -0.180255
v -0.264608 0.385975 -0.176085
v -0.299942 0.360672 -0.173064
v 0.307738 0.371156 -0.132442
v 0.271199 0.397911 -0.134604
v 0.231605 0.421214 -0.137616
v 0.189172 0.440837 -0.140988
v 0.144240 0.456497 -0.144241
v 0.097312 0.467897 -0.146981
v 0.049004 0.474806 -0.148856
v 0.000000 0.477113 -0.149546
v -0.049004 0.474807 -0.148856
v -0.097312 0.467897 -0.146981
v -0.144240 0.456497 -0.144241
v -0.189172 0.440837 -0.140988
v -0.231605 0.421214 -0.137616
v -0.271199 0.397911 -0.134604
v -0.307738 0.371156 -0.132442
v 0.313710 0.378907 -0.089535
v 0.276364 0.406639 -0.090932
v 0.235973 0.430915 -0.092896
v 0.192736 0.451448 -0.095123
v 0.146980 0.467897 -0.097312
v 0.099186 0.479922 -0.099186
v 0.049960 0.487245 -0.100486
v -0.000000 0.489700 -0.100968
v -0.049960 0.487245 -0.100486
v -0.099186 0.479922 -0.099186
v -0.146980 0.467897 -0.097312
v -0.192736 0.451448 -0.095123
v -0.235973 0.430915 -0.092896
v -0.276364 0.406639 -0.090932
v -0.313710 0.378907 -0.089535
v 0.317470 0.383637 -0.045125
v 0.279685 0.411920 -0.045813
v 0.238846 0.436766 -0.046785
v 0.195131 0.457854 -0.047898
v 0.148856 0.474806 -0.049004
v 0.100485 0.487245 -0.049960
v 0.050628 0.494848 -0.050628
v -0.000000 0.497405 -0.050878
v -0.050628 0.494848 -0.050628
v -0.100485 0.487245 -0.049960
v -0.148856 0.474807 -0.049004
v -0.195131 0.457854 -0.047898
v -0.238846 0.436766 -0.046785
v -0.279685 0.411920 -0.045813
v -0.317470 0.383637 -0.045125
v 0.318760 0.385217 0.000000
v 0.280845 0.413674 0.000000
v 0.239869 0.438706 0.000000
v 0.196000 0.459983 0.000000
v 0.149546 0.477113 -0.000000
v 0.100968 0.489700 -0.000000
v 0.050878 0.497405 -0.000000
v -0.000000 0.500001 -0.000000
v -0.050878 0.497405 -0.000000
v -0.100968 0.489700 -0.000000
v -0.149546 0.477113 -0.000000
v -0.196000 0.459983 -0.000000
v -0.239869 0.438706 -0.000000
v -0.280845 0.413674 -0.000000
v -0.318760 0.385217 -0.000000
v 0.317470 0.383637 0.045125
v 0.279685 0.411920 0.045813
v 0.238846 0.436766 0.046785
v 0.195131 0.457854 0.047898
v 0.148856 0.474806 0.049004
v 0.100485 0.487245 0.049960
v 0.050628 0.494848 0.050628
v -0.000000 0.497405 0.050878
v -0.050628 0.494848 0.050628
v -0.100485 0.487245 0.049960
v -0.148856 0.474807 0.049004
v -0.195131 0.457854 0.047898
v -0.238846 0.436766 0.046785
v -0.279685 0.411920 0.045813
v -0.317470 0.383637 0.045125
v 0.313710 0.378906 0.089535
v 0.276364 0.406639 0.090932
v 0.235973 0.430915 0.092896
v 0.192736 0.451448 0.095123
v 0.146980 0.467897 0.097312
v 0.099186 0.479922 0.099186
v 0.049960 0.487245 0.100486
v -0.000000 0.489700 0.100968
v -0.049960 0.487245 0.100486
v -0.099186 0.479922 0.099186
v -0.146980 0.467897 0.097312
v -0.192736 0.451448 0.095123
v -0.235973 0.430915 0.092896
v -0.276364 0.406639 0.090932
v -0.313710 0.378907 0.089535
v 0.307738 0.371156 0.132442
v 0.271199 0.397911 0.134604
v 0.231605 0.421214 0.137616
v 0.189172 0.440837 0.140988
v 0.144240 0.456497 0.144241
v 0.097312 0.467897 0.146981
v 0.049004 0.474807 0.148856
v -0.000000 0.477113 0.149546
v -0.049004 0.474807 0.148856
v -0.097312 0.467897 0.146981
v -0.144240 0.456497 0.144241
v -0.189172 0.440837 0.140988
v -0.231605 0.421214 0.137616
v -0.271199 0.397911 0.134604
v -0.307738 0.371156 0.132442
v 0.299942 0.360672 0.173064
v 0.264608 0.385975 0.176085
v 0.226169 0.407868 0.180255
v 0.184848 0.426219 0.184848
v 0.140988 0.440837 0.189172
v 0.095123 0.451448 0.192736
v 0.047898 0.457854 0.195131
v -0.000000 0.459983 0.196001
v -0.047898 0.457854 0.195131
v -0.095123 0.451448 0.192736
v -0.140988 0.440837 0.189172
v -0.184848 0.426219 0.184848
v -0.226169 0.407868 0.180255
v -0.264608 0.385975 0.176085
v -0.299942 0.360672 0.173064
v 0.290904 0.347851 0.210654
v 0.257199 0.371135 0.214727
v 0.220236 0.391143 0.220236
v 0.180255 0.407868 0.226169
v 0.137616 0.421214 0.231605
v 0.092895 0.430915 0.235973
v 0.046785 0.436766 0.238846
v -0.000000 0.438706 0.239870
v -0.046785 0.436766 0.238846
v -0.092895 0.430915 0.235973
v -0.137616 0.421214 0.231605
v -0.180255 0.407868 0.226169
v -0.220236 0.391143 0.220236
v -0.257199 0.371135 0.214727
v -0.290904 0.347851 0.210654
v 0.281628 0.333093 0.244408
v 0.250028 0.353514 0.250029
v 0.214727 0.371135 0.257199
v 0.176085 0.385975 0.264609
v 0.134603 0.397911 0.271199
v 0.090932 0.406638 0.276364
v 0.045813 0.411920 0.279685
v -0.000000 0.413674 0.280846
v -0.045813 0.411920 0.279685
v -0.090932 0.406638 0.276364
v -0.134603 0.397911 0.271199
v -0.176085 0.385975 0.264609
v -0.214727 0.371135 0.257199
v -0.250028 0.353514 0.250029
v -0.281628 0.333093 0.244408
v 0.273703 0.316503 0.273703
v 0.244407 0.333093 0.281628
v 0.210654 0.347851 0.290904
v 0.173064 0.360672 0.299942
v 0.132442 0.371156 0.307738
v 0.089534 0.378907 0.313710
v 0.045125 0.383637 0.317470
v -0.000000 0.385217 0.318761
v -0.045125 0.383637 0.317470
v -0.089534 0.378907 0.313710
v -0.132442 0.371156 0.307738
v -0.173064 0.360672 0.299942
v -0.210654 0.347851 0.290904
v -0.244407 0.333093 0.281628
v -0.273703 0.316503 0.273703
v 0.273703 -0.273703 0.316503
v 0.281628 -0.244408 0.333093
v 0.290904 -0.210654 0.347851
v 0.299942 -0.173064 0.360672
v 0.307738 -0.132442 0.371156
v 0.313710 -0.089535 0.378907
v 0.317470 -0.045125 0.383637
v 0.318760 -0.000000 0.385217
v 0.317470 0.045125 0.383637
v 0.313710 0.089535 0.378906
v 0.307738 0.132442 0.371156
v 0.299942 0.173064 0.360672
v 0.290904 0.210654 0.347851
v 0.281628 0.244408 0.333093
v 0.273703 0.273703 0.316503
v 0.244407 -0.281628 0.333093
v 0.250028 -0.250029 0.353514
v 0.257199 -0.214727 0.371135
v 0.264609 -0.176085 0.385975
v 0.271199 -0.134604 0.397911
v 0.276364 -0.090932 0.406638
v 0.279685 -0.045813 0.411920
v 0.280845 -0.000000 0.413674
v 0.279685 0.045813 0.411920
v 0.276364 0.090932 0.406638
v 0.271199 0.134604 0.397911
v 0.264609 0.176085 0.385975
v 0.257199 0.214727 0.371135
v 0.250028 0.250029 0.353514
v 0.244407 0.281628 0.333093
v 0.210654 -0.290904 0.347851
v 0.214727 -0.257199 0.371135
v 0.220236 -0.220236 0.391143
v 0.226169 -0.180255 0.407868
v 0.231605 -0.137616 0.421214
v 0.235973 -0.092896 0.430915
v 0.238846 -0.046785 0.436766
v 0.239869 -0.000000 0.438706
v 0.238846 0.046785 0.436766
v 0.235973 0.092896 0.430915
v 0.231605 0.137616 0.421214
v 0.226169 0.180255 0.407868
v 0.220236 0.220236 0.391143
v 0.214727 0.257199 0.371135
v 0.210654 0.290904 0.347851
v 0.173064 -0.299942 0.360672
v 0.176085 -0.264609 0.385975
v 0.180255 -0.226169 0.407868
v 0.184848 -0.184848 0.426219
v 0.189172 -0.140988 0.440837
v 0.192736 -0.095123 0.451448
v 0.195131 -0.047898 0.457854
v 0.196000 -0.000000 0.459983
v 0.195131 0.047898 0.457854
v 0.192736 0.095123 0.451448
v 0.189172 0.140988 0.440837
v 0.184848 0.184848 0.426219
v 0.180255 0.226169 0.407868
v 0.176085 0.264609 0.385975
v 0.173064 0.299942 0.360672
v 0.132442 -0.307738 0.371156
v 0.134603 -0.271199 0.397911
v 0.137616 -0.231605 0.421214
v 0.140988 -0.189172 0.440837
v 0.144240 -0.144241 0.456497
v 0.146980 -0.097312 0.467897
v 0.148856 -0.049004 0.474806
v 0.149546 -0.000000 0.477113
v 0.148856 0.049004 0.474807
v 0.146980 0.097312 0.467897
v 0.144240 0.144241 0.456497
v 0.140988 0.189172 0.440837
v 0.137616 0.231605 0.421214
v 0.134603 0.271199 0.397911
v 0.132442 0.307738 0.371156
v 0.089534 -0.313710 0.378907
v 0.090932 -0.276364 0.406638
v 0.092895 -0.235973 0.430915
v 0.095123 -0.192736 0.451448
v 0.097312 -0.146981 0.467897
v 0.099186 -0.099186 0.479922
v 0.100485 -0.049960 0.487245
v 0.100968 0.000000 0.489700
v 0.100485 0.049960 0.487245
v 0.099186 0.099186 0.479922
v 0.097312 0.146981 0.467897
v 0.095123 0.192736 0.451448
v 0.092895 0.235973 0.430915
v 0.090932 0.276364 0.406639
v 0.089534 0.313710 0.378907
v 0.045125 -0.317470 0.383637
v 0.045813 -0.279685 0.411920
v 0.046785 -0.238846 0.436766
v 0.047898 -0.195131 0.457854
v 0.049004 -0.148856 0.474806
v 0.049960 -0.100486 0.487245
v 0.050628 -0.050628 0.494848
v 0.050878 0.000000 0.497405
v 0.050628 0.050628 0.494848
v 0.049960 0.100486 0.487245
v 0.049004 0.148856 0.474807
v 0.047898 0.195131 0.457854
v 0.046785 0.238846 0.436766
v 0.045813 0.279685 0.411920
v 0.045125 0.317470 0.383637
v -0.000000 -0.318761 0.385217
v -0.000000 -0.280846 0.413674
v -0.000000 -0.239870 0.438706
v -0.000000 -0.196001 0.459983
v -0.000000 -0.149546 0.477113
v 0.000000 -0.100968 0.489700
v 0.000000 -0.050878 0.497405
v 0.000000 0.000000 0.500001
v 0.000000 0.050878 0.497405
v 0.000000 0.100968 0.489700
v 0.000000 0.149546 0.477113
v 0.000000 0.196001 0.459983
v 0.000000 0.239870 0.438706
v 0.000000 0.280846 0.413674
v 0.000000 0.318761 0.385217
v -0.045125 -0.317470 0.383637
v -0.045813 -0.279685 0.411920
v -0.046785 -0.238846 0.436766
v -0.047898 -0.195131 0.457854
v -0.049004 -0.148856 0.474806
v -0.049960 -0.100486 0.487245
v -0.050628 -0.050628 0.494848
v -0.050878 0.000000 0.497405
v -0.050628 0.050628 0.494848
v -0.049960 0.100486 0.487245
v -0.049004 0.148856 0.474807
v -0.047898 0.195131 0.457854
v -0.046785 0.238846 0.436766
v -0.045813 0.279685 0.411920
v -0.045125 0.317470 0.383637
v -0.089534 -0.313710 0.378906
v -0.090932 -0.276364 0.406638
v -0.092895 -0.235973 0.430915
v -0.095123 -0.192736 0.451448
v -0.097312 -0.146981 0.467897
v -0.099186 -0.099186 0.479922
v -0.100485 -0.049960 0.487245
v -0.100968 0.000000 0.489700
v -0.100485 0.049960 0.487245
v -0.099186 0.099186 0.479922
v -0.097312 0.146980 0.467897
v -0.095123 0.192736 0.451448
v -0.092895 0.235973 0.430915
v -0.090932 0.276364 0.406639
v -0.089534 0.313710 0.378907
v -0.132442 -0.307738 0.371156
v -0.134603 -0.271199 0.397911
v -0.137616 -0.231605 0.421214
v -0.140988 -0.189172 0.440837
v -0.144240 -0.144241 0.456497
v -0.146980 -0.097312 0.467897
v -0.148856 -0.049004 0.474807
v -0.149546 0.000000 0.477113
v -0.148856 0.049004 0.474807
v -0.146980 0.097312 0.467897
v -0.144240 0.144241 0.456497
v -0.140988 0.189172 0.440837
v -0.137616 0.231605 0.421214
v -0.134603 0.271199 0.397911
v -0.132442 0.307738 0.371156
v -0.173064 -0.299942 0.360672
v -0.176085 -0.264609 0.385975
v -0.180255 -0.226169 0.407868
v -0.184848 -0.184848 0.426219
v -0.189172 -0.140988 0.440837
v -0.192736 -0.095123 0.451448
v -0.195131 -0.047898 0.457854
v -0.196000 0.000000 0.459983
v -0.195131 0.047898 0.457854
v -0.192736 0.095123 0.451448
v -0.189172 0.140988 0.440837
v -0.184848 0.184848 0.426219
v -0.180255 0.226169 0.407868
v -0.176085 0.264609 0.385975
v -0.173064 0.299942 0.360672
v -0.210654 -0.290904 0.347851
v -0.214727 -0.257199 0.371135
v -0.220236 -0.220236 0.391143
v -0.226169 -0.180255 0.407868
v -0.231605 -0.137616 0.421214
v -0.235973 -0.092896 0.430915
v -0.238846 -0.046785 0.436766
v -0.239869 -0.000000 0.438706
v -0.238846 0.046785 0.436766
v -0.235973 0.092896 0.430915
v -0.231605 0.137616 0.421214
v -0.226169 0.180255 0.407868
v -0.220236 0.220236 0.391143
v -0.214727 0.257199 0.371135
v -0.210654 0.290904 0.347851
v -0.244407 -0.281628 0.333093
v -0.250028 -0.250029 0.353514
v -0.257199 -0.214727 0.371135
v -0.264608 -0.176085 0.385975
v -0.271199 -0.134604 0.397911
v -0.276364 -0.090932 0.406639
v -0.279685 -0.045813 0.411920
v -0.280845 0.000000 0.413674
v -0.279685 0.045813 0.411920
v -0.276364 0.090932 0.406639
v -0.271199 0.134604 0.397911
v -0.264608 0.176085 0.385975
v -0.257199 0.214727 0.371135
v -0.250028 0.250029 0.353514
v -0.244407 0.281628 0.333093
v -0.273703 -0.273703 0.316503
v -0.281628 -0.244408 0.333093
v -0.290904 -0.210654 0.347851
v -0.299942 -0.173064 0.360672
v -0.307738 -0.132442 0.371156
v -0.313710 -0.089535 0.378907
v -0.317470 -0.045125 0.383637
v -0.318760 0.000000 0.385217
v -0.317470 0.045125 0.383637
v -0.313710 0.089535 0.378907
v -0.307738 0.132442 0.371156
v -0.299942 0.173064 0.360672
v -0.290904 0.210654 0.347851
v -0.281628 0.244408 0.333093
v -0.273703 0.273703 0.316503
v -0.316503 -0.273703 0.273703
v -0.333093 -0.244408 0.281628
v -0.347851 -0.210654 0.290904
v -0.360672 -0.173064 0.299942
v -0.371156 -0.132442 0.307738
v -0.378906 -0.089535 0.313710
v -0.383636 -0.045125 0.317470
v -0.385217 -0.000000 0.318761
v -0.383636 0.045125 0.317470
v -0.378906 0.089535 0.313710
v -0.371156 0.132442 0.307738
v -0.360672 0.173064 0.299942
v -0.347850 0.210654 0.290904
v -0.333093 0.244408 0.281628
v -0.316503 0.273703 0.273703
v -0.333093 -0.281628 0.244408
v -0.353513 -0.250029 0.250029
v -0.371135 -0.214727 0.257199
v -0.385975 -0.176085 0.264609
v -0.397911 -0.134604 0.271199
v -0.406638 -0.090932 0.276364
v -0.411920 -0.045813 0.279685
v -0.413674 -0.000000 0.280846
v -0.411920 0.045813 0.279685
v -0.406638 0.090932 0.276364
v -0.397911 0.134604 0.271199
v -0.385975 0.176085 0.264609
v -0.371135 0.214727 0.257199
v -0.353513 0.250029 0.250029
v -0.333093 0.281628 0.244408
v -0.347851 -0.290904 0.210654
v -0.371135 -0.257199 0.214727
v -0.391143 -0.220236 0.220236
v -0.407867 -0.180255 0.226169
v -0.421214 -0.137616 0.231605
v -0.430914 -0.092896 0.235973
v -0.436765 -0.046785 0.238846
v -0.438706 -0.000000 0.239870
v -0.436765 0.046785 0.238846
v -0.430914 0.092896 0.235973
v -0.421214 0.137616 0.231605
v -0.407867 0.180255 0.226169
v -0.391143 0.220236 0.220236
v -0.371135 0.257199 0.214727
v -0.347850 0.290904 0.210654
v -0.360672 -0.299942 0.173064
v -0.385975 -0.264609 0.176085
v -0.407867 -0.226169 0.180255
v -0.426219 -0.184848 0.184848
v -0.440836 -0.140988 0.189172
v -0.451447 -0.095123 0.192736
v -0.457853 -0.047898 0.195131
v -0.459982 -0.000000 0.196001
v -0.457853 0.047898 0.195131
v -0.451447 0.095123 0.192736
v -0.440836 0.140988 0.189172
v -0.426219 0.184848 0.184848
v -0.407867 0.226169 0.180255
v -0.385975 0.264609 0.176085
v -0.360672 0.299942 0.173064
v -0.371156 -0.307738 0.132442
v -0.397911 -0.271199 0.134604
v -0.421214 -0.231605 0.137616
v -0.440836 -0.189172 0.140988
v -0.456497 -0.144241 0.144241
v -0.467897 -0.097312 0.146981
v -0.474806 -0.049004 0.148856
v -0.477112 -0.000000 0.149546
v -0.474806 0.049004 0.148856
v -0.467897 0.097312 0.146981
v -0.456497 0.144241 0.144241
v -0.440836 0.189172 0.140988
v -0.421214 0.231605 0.137616
v -0.397911 0.271199 0.134604
v -0.371156 0.307738 0.132442
v -0.378906 -0.313710 0.089535
v -0.406638 -0.276364 0.090932
v -0.430914 -0.235973 0.092896
v -0.451447 -0.192736 0.095123
v -0.467897 -0.146981 0.097312
v -0.479921 -0.099186 0.099186
v -0.487244 -0.049960 0.100486
v -0.489699 -0.000000 0.100968
v -0.487244 0.049960 0.100486
v -0.479921 0.099186 0.099186
v -0.467897 0.146981 0.097312
v -0.451447 0.192736 0.095123
v -0.430914 0.235973 0.092896
v -0.406638 0.276364 0.090932
v -0.378906 0.313710 0.089535
v -0.383636 -0.317470 0.045125
v -0.411920 -0.279685 0.045813
v -0.436765 -0.238846 0.046785
v -0.457853 -0.195131 0.047898
v -0.474806 -0.148856 0.049004
v -0.487244 -0.100486 0.049960
v -0.494847 -0.050628 0.050628
v -0.497405 0.000000 0.050878
v -0.494847 0.050628 0.050628
v -0.487244 0.100486 0.049960
v -0.474806 0.148856 0.049004
v -0.457853 0.195131 0.047898
v -0.436765 0.238846 0.046785
v -0.411920 0.279685 0.045813
v -0.383636 0.317470 0.045125
v -0.385217 -0.318761 -0.000000
v -0.413674 -0.280846 -0.000000
v -0.438706 -0.239870 -0.000000
v -0.459982 -0.196001 -0.000000
v -0.477112 -0.149546 -0.000000
v -0.489699 -0.100968 -0.000000
v -0.497405 -0.050878 -0.000000
v -0.500000 0.000000 -0.000000
v -0.497405 0.050878 -0.000000
v -0.489699 0.100968 -0.000000
v -0.477112 0.149546 -0.000000
v -0.459982 0.196001 0.000000
v -0.438706 0.239870 -0.000000
v -0.413674 0.280846 -0.000000
v -0.385217 0.318761 -0.000000
v -0.383636 -0.317470 -0.045125
v -0.411920 -0.279685 -0.045813
v -0.436765 -0.238846 -0.046785
v -0.457853 -0.195131 -0.047898
v -0.474806 -0.148856 -0.049004
v -0.487244 -0.100486 -0.049960
v -0.494847 -0.050628 -0.050628
v -0.497405 0.000000 -0.050878
v -0.494847 0.050628 -0.050628
v -0.487244 0.100486 -0.049960
v -0.474806 0.148856 -0.049004
v -0.457853 0.195131 -0.047898
v -0.436765 0.238846 -0.046785
v -0.411920 0.279685 -0.045813
v -0.383636 0.317470 -0.045125
v -0.378906 -0.313710 -0.089535
v -0.406638 -0.276364 -0.090932
v -0.430914 -0.235973 -0.092896
v -0.451447 -0.192736 -0.095123
v -0.467897 -0.146981 -0.097312
v -0.479921 -0.099186 -0.099186
v -0.487244 -0.049960 -0.100486
v -0.489699 0.000000 -0.100968
v -0.487244 0.049960 -0.100486
v -0.479921 0.099186 -0.099186
v -0.467897 0.146981 -0.097312
v -0.451447 0.192736 -0.095123
v -0.430914 0.235973 -0.092896
v -0.406638 0.276364 -0.090932
v -0.378906 0.313710 -0.089535
v -0.371156 -0.307738 -0.132442
v -0.397911 -0.271199 -0.134604
v -0.421214 -0.231605 -0.137616
v -0.440836 -0.189172 -0.140988
v -0.456497 -0.144241 -0.144241
v -0.467897 -0.097312 -0.146981
v -0.474806 -0.049004 -0.148856
v -0.477112 0.000000 -0.149546
v -0.474806 0.049004 -0.148856
v -0.467897 0.097312 -0.146981
v -0.456497 0.144241 -0.144241
v -0.440836 0.189172 -0.140988
v -0.421214 0.231605 -0.137616
v -0.397911 0.271199 -0.134604
v -0.371156 0.307738 -0.132442
v -0.360672 -0.299942 -0.173064
v -0.385975 -0.264609 -0.176085
v -0.407867 -0.226169 -0.180255
v -0.426219 -0.184848 -0.184848
v -0.440836 -0.140988 -0.189172
v -0.451447 -0.095123 -0.192736
v -0.457853 -0.047898 -0.195131
v -0.459982 0.000000 -0.196001
v -0.457853 0.047898 -0.195131
v -0.451447 0.095123 -0.192736
v -0.440836 0.140988 -0.189172
v -0.426219 0.184848 -0.184848
v -0.407867 0.226169 -0.180255
v -0.385975 0.264609 -0.176085
v -0.360672 0.299942 -0.173064
v -0.347850 -0.290904 -0.210654
v -0.371135 -0.257199 -0.214727
v -0.391143 -0.220236 -0.220236
v -0.407867 -0.180255 -0.226169
v -0.421214 -0.137616 -0.231605
v -0.430914 -0.092896 -0.235973
v -0.436765 -0.046785 -0.238846
v -0.438706 0.000000 -0.239870
v -0.436765 0.046785 -0.238846
v -0.430914 0.092896 -0.235973
v -0.421214 0.137616 -0.231605
v -0.407867 0.180255 -0.226169
v -0.391143 0.220236 -0.220236
v -0.371135 0.257199 -0.214727
v -0.347851 0.290904 -0.210654
v -0.333093 -0.281628 -0.244408
v -0.353513 -0.250029 -0.250029
v -0.371135 -0.214727 -0.257199
v -0.385975 -0.176085 -0.264609
v -0.397911 -0.134604 -0.271199
v -0.406638 -0.090932 -0.276364
v -0.411920 -0.045813 -0.279685
v -0.413674 0.000000 -0.280846
v -0.411920 0.045813 -0.279685
v -0.406638 0.090932 -0.276364
v -0.397911 0.134604 -0.271199
v -0.385975 0.176085 -0.264609
v -0.371135 0.214727 -0.257199
v -0.353513 0.250029 -0.250029
v -0.333093 0.281628 -0.244408
v -0.316503 -0.273703 -0.273703
v -0.333093 -0.244408 -0.281628
v -0.347851 -0.210654 -0.290904
v -0.360672 -0.173064 -0.299942
v -0.371156 -0.132442 -0.307738
v -0.378906 -0.089535 -0.313710
v -0.383636 -0.045125 -0.317470
v -0.385217 0.000000 -0.318761
v -0.383636 0.045125 -0.317470
v -0.378906 0.089535 -0.313710
v -0.371156 0.132442 -0.307738
v -0.360672 0.173064 -0.299942
v -0.347851 0.210654 -0.290904
v -0.333093 0.244408 -0.281628
v -0.316503 0.273703 -0.273703
v -0.273703 -0.316503 -0.273703
v -0.244407 -0.333093 -0.281628
v -0.210654 -0.347851 -0.290904
v -0.173064 -0.360672 -0.299942
v -0.132442 -0.371156 -0.307738
v -0.089534 -0.378907 -0.313710
v -0.045125 -0.383637 -0.317470
v -0.000000 -0.385217 -0.318761
v 0.045125 -0.383637 -0.317470
v 0.089534 -0.378906 -0.313710
v 0.132442 -0.371156 -0.307738
v 0.173064 -0.360672 -0.299942
v 0.210654 -0.347851 -0.290904
v 0.244407 -0.333093 -0.281628
v 0.273703 -0.316503 -0.273703
v -0.281628 -0.333093 -0.244408
v -0.250028 -0.353514 -0.250029
v -0.214727 -0.371135 -0.257199
v -0.176085 -0.385975 -0.264609
v -0.134603 -0.397911 -0.271199
v -0.090932 -0.406639 -0.276364
v -0.045813 -0.411920 -0.279685
v -0.000000 -0.413674 -0.280846
v 0.045813 -0.411920 -0.279685
v 0.090932 -0.406639 -0.276364
v 0.134603 -0.397911 -0.271199
v 0.176085 -0.385975 -0.264609
v 0.214727 -0.371135 -0.257199
v 0.250028 -0.353514 -0.250029
v 0.281628 -0.333093 -0.244408
v -0.290904 -0.347851 -0.210654
v -0.257199 -0.371135 -0.214727
v -0.220236 -0.391143 -0.220236
v -0.180255 -0.407868 -0.226169
v -0.137616 -0.421214 -0.231605
v -0.092895 -0.430915 -0.235973
v -0.046785 -0.436766 -0.238846
v -0.000000 -0.438706 -0.239870
v 0.046785 -0.436766 -0.238846
v 0.092895 -0.430915 -0.235973
v 0.137616 -0.421214 -0.231605
v 0.180255 -0.407868 -0.226169
v 0.220236 -0.391143 -0.220236
v 0.257199 -0.371135 -0.214727
v 0.290904 -0.347851 -0.210654
v -0.299942 -0.360672 -0.173064
v -0.264609 -0.385975 -0.176085
v -0.226169 -0.407868 -0.180255
v -0.184848 -0.426219 -0.184848
v -0.140988 -0.440837 -0.189172
v -0.095123 -0.451448 -0.192736
v -0.047898 -0.457854 -0.195131
v -0.000000 -0.459983 -0.196001
v 0.047898 -0.457854 -0.195131
v 0.095123 -0.451448 -0.192736
v 0.140988 -0.440837 -0.189172
v 0.184848 -0.426219 -0.184848
v 0.226169 -0.407868 -0.180255
v 0.264609 -0.385975 -0.176085
v 0.299942 -0.360672 -0.173064
v -0.307738 -0.371156 -0.132442
v -0.271199 -0.397911 -0.134604
v -0.231605 -0.421214 -0.137616
v -0.189172 -0.440837 -0.140988
v -0.144240 -0.456497 -0.144241
v -0.097312 -0.467897 -0.146981
v -0.049004 -0.474806 -0.148856
v -0.000000 -0.477113 -0.149546
v 0.049004 -0.474806 -0.148856
v 0.097312 -0.467897 -0.146981
v 0.144240 -0.456497 -0.144241
v 0.189172 -0.440837 -0.140988
v 0.231605 -0.421214 -0.137616
v 0.271199 -0.397911 -0.134604
v 0.307738 -0.371156 -0.132442
v -0.313710 -0.378907 -0.089535
v -0.276364 -0.406639 -0.090932
v -0.235973 -0.430915 -0.092896
v -0.192736 -0.451448 -0.095123
v -0.146980 -0.467897 -0.097312
v -0.099186 -0.479922 -0.099186
v -0.049960 -0.487245 -0.100486
v -0.000000 -0.489700 -0.100968
v 0.049960 -0.487245 -0.100486
v 0.099186 -0.479922 -0.099186
v 0.146980 -0.467897 -0.097312
v 0.192736 -0.451448 -0.095123
v 0.235973 -0.430915 -0.092896
v 0.276364 -0.406639 -0.090932
v 0.313710 -0.378907 -0.089535
v -0.317470 -0.383637 -0.045125
v -0.279685 -0.411920 -0.045813
v -0.238846 -0.436766 -0.046785
v -0.195131 -0.457854 -0.047898
v -0.148856 -0.474806 -0.049004
v -0.100485 -0.487245 -0.049960
v -0.050628 -0.494848 -0.050628
v -0.000000 -0.497405 -0.050878
v 0.050628 -0.494848 -0.050628
v 0.100485 -0.487245 -0.049960
v 0.148856 -0.474806 -0.049004
v 0.195131 -0.457854 -0.047898
v 0.238846 -0.436766 -0.046785
v 0.279685 -0.411920 -0.045813
v 0.317470 -0.383637 -0.045125
v -0.318760 -0.385217 -0.000000
v -0.280845 -0.413674 -0.000000
v -0.239869 -0.438706 0.000000
v -0.196000 -0.459983 0.000000
v -0.149546 -0.477113 0.000000
v -0.100968 -0.489700 0.000000
v -0.050878 -0.497405 0.000000
v 0.000000 -0.500001 0.000000
v 0.050878 -0.497405 -0.000000
v 0.100968 -0.489700 -0.000000
v 0.149546 -0.477113 -0.000000
v 0.196000 -0.459983 -0.000000
v 0.239869 -0.438706 -0.000000
v 0.280845 -0.413674 -0.000000
v 0.318760 -0.385217 -0.000000
v -0.317470 -0.383637 0.045125
v -0.279685 -0.411920 0.045813
v -0.238846 -0.436766 0.046785
v -0.195131 -0.457854 0.047898
v -0.148856 -0.474806 0.049004
v -0.100485 -0.487245 0.049960
v -0.050628 -0.494848 0.050628
v 0.000000 -0.497405 0.050878
v 0.050628 -0.494848 0.050628
v 0.100485 -0.487245 0.049960
v 0.148856 -0.474806 0.049004
v 0.195131 -0.457854 0.047898
v 0.238846 -0.436766 0.046785
v 0.279685 -0.411920 0.045813
v 0.317470 -0.383637 0.045125
v -0.313710 -0.378907 0.089535
v -0.276364 -0.406639 0.090932
v -0.235973 -0.430915 0.092896
v -0.192736 -0.451448 0.095123
v -0.146980 -0.467897 0.097312
v -0.099186 -0.479922 0.099186
v -0.049960 -0.487245 0.100486
v 0.000000 -0.489700 0.100968
v 0.049960 -0.487245 0.100486
v 0.099186 -0.479922 0.099186
v 0.146980 -0.467897 0.097312
v 0.192736 -0.451448 0.095123
v 0.235973 -0.430915 0.092896
v 0.276364 -0.406639 0.090932
v 0.313710 -0.378907 0.089535
v -0.307738 -0.371156 0.132442
v -0.271199 -0.397911 0.134604
v -0.231605 -0.421214 0.137616
v -0.189172 -0.440837 0.140988
v -0.144240 -0.456497 0.144241
v -0.097312 -0.467897 0.146981
v -0.049004 -0.474807 0.148856
v 0.000000 -0.477113 0.149546
v 0.049004 -0.474806 0.148856
v 0.097312 -0.467897 0.146981
v 0.144240 -0.456497 0.144241
v 0.189172 -0.440837 0.140988
v 0.231605 -0.421214 0.137616
v 0.271199 -0.397911 0.134604
v 0.307738 -0.371156 0.132442
v -0.299942 -0.360672 0.173064
v -0.264608 -0.385975 0.176085
v -0.226169 -0.407868 0.180255
v -0.184848 -0.426219 0.184848
v -0.140988 -0.440837 0.189172
v -0.095123 -0.451448 0.192736
v -0.047898 -0.457854 0.195131
v 0.000000 -0.459983 0.196001
v 0.047898 -0.457854 0.195131
v 0.095123 -0.451448 0.192736
v 0.140988 -0.440837 0.189172
v 0.184848 -0.426219 0.184848
v 0.226169 -0.407868 0.180255
v 0.264608 -0.385975 0.176085
v 0.299942 -0.360672 0.173064
v -0.290904 -0.347851 0.210654
v -0.257199 -0.371135 0.214727
v -0.220236 -0.391143 0.220236
v -0.180255 -0.407868 0.226169
v -0.137616 -0.421214 0.231605
v -0.092895 -0.430915 0.235973
v -0.046785 -0.436766 0.238846
v 0.000000 -0.438706 0.239870
v 0.046785 -0.436766 0.238846
v 0.092895 -0.430915 0.235973
v 0.137616 -0.421214 0.231605
v 0.180255 -0.407868 0.226169
v 0.220236 -0.391143 0.220236
v 0.257199 -0.371135 0.214727
v 0.290904 -0.347851 0.210654
v -0.281628 -0.333093 0.244408
v -0.250028 -0.353514 0.250029
v -0.214727 -0.371135 0.257199
v -0.176085 -0.385975 0.264609
v -0.134603 -0.397911 0.271199
v -0.090932 -0.406639 0.276364
v -0.045813 -0.411920 0.279685
v 0.000000 -0.413674 0.280846
v 0.045813 -0.411920 0.279685
v 0.090932 -0.406639 0.276364
v 0.134603 -0.397911 0.271199
v 0.176085 -0.385975 0.264609
v 0.214727 -0.371135 0.257199
v 0.250028 -0.353514 0.250029
v 0.281628 -0.333093 0.244408
v -0.273703 -0.316503 0.273703
v -0.244407 -0.333093 0.281628
v -0.210654 -0.347851 0.290904
v -0.173064 -0.360672 0.299942
v -0.132442 -0.371156 0.307738
v -0.089534 -0.378907 0.313710
v -0.045125 -0.383637 0.317470
v 0.000000 -0.385217 0.318761
v 0.045125 -0.383637 0.317470
v 0.089534 -0.378907 0.313710
v 0.132442 -0.371156 0.307738
v 0.173064 -0.360672 0.299942
v 0.210654 -0.347851 0.290904
v 0.244407 -0.333093 0.281628
v 0.273703 -0.316503 0.273703
v 0.316503 -0.273703 -0.273703
v 0.333093 -0.244408 -0.281628
v 0.347850 -0.210654 -0.290904
v 0.360672 -0.173064 -0.299942
v 0.371156 -0.132442 -0.307738
v 0.378906 -0.089535 -0.313710
v 0.383636 -0.045125 -0.317470
v 0.385217 -0.000000 -0.318761
v 0.383636 0.045125 -0.317470
v 0.378906 0.089535 -0.313710
v 0.371156 0.132442 -0.307738
v 0.360672 0.173064 -0.299942
v 0.347850 0.210654 -0.290904
v 0.333093 0.244408 -0.281628
v 0.316503 0.273703 -0.273703
v 0.333093 -0.281628 -0.244408
v 0.353513 -0.250029 -0.250029
v 0.371135 -0.214727 -0.257199
v 0.385975 -0.176085 -0.264609
v 0.397911 -0.134604 -0.271199
v 0.406638 -0.090932 -0.276364
v 0.411920 -0.045813 -0.279685
v 0.413674 -0.000000 -0.280846
v 0.411920 0.045813 -0.279685
v 0.406638 0.090932 -0.276364
v 0.397911 0.134604 -0.271199
v 0.385975 0.176085 -0.264609
v 0.371135 0.214727 -0.257199
v 0.353513 0.250029 -0.250029
v 0.333093 0.281628 -0.244408
v 0.347851 -0.290904 -0.210654
v 0.371135 -0.257199 -0.214727
v 0.391143 -0.220236 -0.220236
v 0.407867 -0.180255 -0.226169
v 0.421214 -0.137616 -0.231605
v 0.430914 -0.092896 -0.235973
v 0.436765 -0.046785 -0.238846
v 0.438706 -0.000000 -0.239870
v 0.436765 0.046785 -0.238846
v 0.430914 0.092896 -0.235973
v 0.421214 0.137616 -0.231605
v 0.407867 0.180255 -0.226169
v 0.391143 0.220236 -0.220236
v 0.371135 0.257199 -0.214727
v 0.347850 0.290904 -0.210654
v 0.360672 -0.299942 -0.173064
v 0.385975 -0.264609 -0.176085
v 0.407867 -0.226169 -0.180255
v 0.426219 -0.184848 -0.184848
v 0.440836 -0.140988 -0.189172
v 0.451447 -0.095123 -0.192736
v 0.457853 -0.047898 -0.195131
v 0.459982 -0.000000 -0.196001
v 0.457853 0.047898 -0.195131
v 0.451447 0.095123 -0.192736
v 0.440836 0.140988 -0.189172
v 0.426219 0.184848 -0.184848
v 0.407867 0.226169 -0.180255
v 0.385975 0.264609 -0.176085
v 0.360672 0.299942 -0.173064
v 0.371156 -0.307738 -0.132442
v 0.397911 -0.271199 -0.134604
v 0.421214 -0.231605 -0.137616
v 0.440836 -0.189172 -0.140988
v 0.456497 -0.144241 -0.144241
v 0.467897 -0.097312 -0.146981
v 0.474806 -0.049004 -0.148856
v 0.477112 -0.000000 -0.149546
v 0.474806 0.049004 -0.148856
v 0.467897 0.097312 -0.146981
v 0.456497 0.144241 -0.144241
v 0.440836 0.189172 -0.140988
v 0.421214 0.231605 -0.137616
v 0.397911 0.271199 -0.134604
v 0.371156 0.307738 -0.132442
v 0.378906 -0.313710 -0.089535
v 0.406638 -0.276364 -0.090932
v 0.430914 -0.235973 -0.092896
v 0.451447 -0.192736 -0.095123
v 0.467897 -0.146981 -0.097312
v 0.479921 -0.099186 -0.099186
v 0.487244 -0.049960 -0.100486
v 0.489699 -0.000000 -0.100968
v 0.487244 0.049960 -0.100486
v 0.479921 0.099186 -0.099186
v 0.467897 0.146981 -0.097312
v 0.451447 0.192736 -0.095123
v 0.430914 0.235973 -0.092896
v 0.406638 0.276364 -0.090932
v 0.378906 0.313710 -0.089535
v 0.383636 -0.317470 -0.045125
v 0.411920 -0.279685 -0.045813
v 0.436765 -0.238846 -0.046785
v 0.457853 -0.195131 -0.047898
v 0.474806 -0.148856 -0.049004
v 0.487244 -0.100486 -0.049960
v 0.494847 -0.050628 -0.050628
v 0.497405 -0.000000 -0.050878
v 0.494847 0.050628 -0.050628
v 0.487244 0.100486 -0.049960
v 0.474806 0.148856 -0.049004
v 0.457853 0.195131 -0.047898
v 0.436765 0.238846 -0.046785
v 0.411920 0.279685 -0.045813
v 0.383636 0.317470 -0.045125
v 0.385217 -0.318761 -0.000000
v 0.413674 -0.280846 0.000000
v 0.438706 -0.239870 0.000000
v 0.459982 -0.196001 0.000000
v 0.477112 -0.149546 0.000000
v 0.489699 -0.100968 -0.000000
v 0.497405 -0.050878 -0.000000
v 0.500000 0.000000 -0.000000
v 0.497405 0.050878 -0.000000
v 0.489699 0.100968 -0.000000
v 0.477112 0.149546 -0.000000
v 0.459982 0.196001 -0.000000
v 0.438706 0.239870 -0.000000
v 0.413674 0.280846 -0.000000
v 0.385217 0.318761 -0.000000
v 0.383636 -0.317470 0.045125
v 0.411920 -0.279685 0.045813
v 0.436765 -0.238846 0.046785
v 0.457853 -0.195131 0.047898
v 0.474806 -0.148856 0.049004
v 0.487244 -0.100486 0.049960
v 0.494847 -0.050628 0.050628
v 0.497405 0.000000 0.050878
v 0.494847 0.050628 0.050628
v 0.487244 0.100486 0.049960
v 0.474806 0.148856 0.049004
v 0.457853 0.195131 0.047898
v 0.436765 0.238846 0.046785
v 0.411920 0.279685 0.045813
v 0.383636 0.317470 0.045125
v 0.378906 -0.313710 0.089535
v 0.406638 -0.276364 0.090932
v 0.430914 -0.235973 0.092896
v 0.451447 -0.192736 0.095123
v 0.467897 -0.146980 0.097312
v 0.479921 -0.099186 0.099186
v 0.487244 -0.049960 0.100486
v 0.489699 0.000000 0.100968
v 0.487244 0.049960 0.100486
v 0.479921 0.099186 0.099186
v 0.467897 0.146980 0.097312
v 0.451447 0.192736 0.095123
v 0.430914 0.235973 0.092896
v 0.406638 0.276364 0.090932
v 0.378906 0.313710 0.089535
v 0.371156 -0.307738 0.132442
v 0.397911 -0.271199 0.134604
v 0.421214 -0.231605 0.137616
v 0.440836 -0.189172 0.140988
v 0.456497 -0.144241 0.144241
v 0.467897 -0.097312 0.146981
v 0.474806 -0.049004 0.148856
v 0.477112 0.000000 0.149546
v 0.474806 0.049004 0.148856
v 0.467897 0.097312 0.146981
v 0.456497 0.144241 0.144241
v 0.440836 0.189172 0.140988
v 0.421214 0.231605 0.137616
v 0.397911 0.271199 0.134604
v 0.371156 0.307738 0.132442
v 0.360672 -0.299942 0.173064
v 0.385975 -0.264609 0.176085
v 0.407867 -0.226169 0.180255
v 0.426219 -0.184848 0.184848
v 0.440836 -0.140988 0.189172
v 0.451447 -0.095123 0.192736
v 0.457853 -0.047898 0.195131
v 0.459982 0.000000 0.196001
v 0.457853 0.047898 0.195131
v 0.451447 0.095123 0.192736
v 0.440836 0.140988 0.189172
v 0.426219 0.184848 0.184848
v 0.407867 0.226169 0.180255
v 0.385975 0.264609 0.176085
v 0.360672 0.299942 0.173064
v 0.347850 -0.290904 0.210654
v 0.371135 -0.257199 0.214727
v 0.391143 -0.220236 0.220236
v 0.407867 -0.180255 0.226169
v 0.421214 -0.137616 0.231605
v 0.430914 -0.092896 0.235973
v 0.436765 -0.046785 0.238846
v 0.438706 0.000000 0.239870
v 0.436765 0.046785 0.238846
v 0.430914 0.092896 0.235973
v 0.421214 0.137616 0.231605
v 0.407867 0.180255 0.226169
v 0.391143 0.220236 0.220236
v 0.371135 0.257199 0.214727
v 0.347851 0.290904 0.210654
v 0.333093 -0.281628 0.244408
v 0.353513 -0.250029 0.250029
v 0.371135 -0.214727 0.257199
v 0.385975 -0.176085 0.264609
v 0.397911 -0.134604 0.271199
v 0.406638 -0.090932 0.276364
v 0.411920 -0.045813 0.279685
v 0.413674 0.000000 0.280846
v 0.411920 0.045813 0.279685
v 0.406638 0.090932 0.276364
v 0.397911 0.134604 0.271199
v 0.385975 0.176085 0.264609
v 0.371135 0.214727 0.257199
v 0.353513 0.250029 0.250029
v 0.333093 0.281628 0.244408
v 0.316503 -0.273703 0.273703
v 0.333093 -0.244408 0.281628
v 0.347851 -0.210654 0.290904
v 0.360672 -0.173064 0.299942
v 0.371156 -0.132442 0.307738
v 0.378906 -0.089535 0.313710
v 0.383636 -0.045125 0.317470
v 0.385217 0.000000 0.318761
v 0.383636 0.045125 0.317470
v 0.378906 0.089535 0.313710
v 0.371156 0.132442 0.307738
v 0.360672 0.173064 0.299942
v 0.347851 0.210654 0.290904
v 0.333093 0.244408 0.281628
v 0.316503 0.273703 0.273703
v -0.273703 -0.273703 -0.316503
v -0.281628 -0.244408 -0.333093
v -0.290904 -0.210654 -0.347851
v -0.299942 -0.173064 -0.360672
v -0.307738 -0.132442 -0.371156
v -0.313710 -0.089535 -0.378907
v -0.317470 -0.045125 -0.383637
v -0.318760 -0.000000 -0.385217
v -0.317470 0.045125 -0.383637
v -0.313710 0.089535 -0.378906
v -0.307738 0.132442 -0.371156
v -0.299942 0.173064 -0.360672
v -0.290904 0.210654 -0.347851
v -0.281628 0.244408 -0.333093
v -0.273703 0.273703 -0.316503
v -0.244407 -0.281628 -0.333093
v -0.250028 -0.250029 -0.353514
v -0.257199 -0.214727 -0.371135
v -0.264608 -0.176085 -0.385975
v -0.271199 -0.134604 -0.397911
v -0.276364 -0.090932 -0.406638
v -0.279685 -0.045813 -0.411920
v -0.280845 -0.000000 -0.413674
v -0.279685 0.045813 -0.411920
v -0.276364 0.090932 -0.406639
v -0.271199 0.134604 -0.397911
v -0.264608 0.176085 -0.385975
v -0.257199 0.214727 -0.371135
v -0.250028 0.250029 -0.353514
v -0.244407 0.281628 -0.333093
v -0.210654 -0.290904 -0.347851
v -0.214727 -0.257199 -0.371135
v -0.220236 -0.220236 -0.391143
v -0.226169 -0.180255 -0.407868
v -0.231605 -0.137616 -0.421214
v -0.235973 -0.092896 -0.430915
v -0.238846 -0.046785 -0.436766
v -0.239869 -0.000000 -0.438706
v -0.238846 0.046785 -0.436766
v -0.235973 0.092896 -0.430915
v -0.231605 0.137616 -0.421214
v -0.226169 0.180255 -0.407868
v -0.220236 0.220236 -0.391143
v -0.214727 0.257199 -0.371135
v -0.210654 0.290904 -0.347851
v -0.173064 -0.299942 -0.360672
v -0.176085 -0.264609 -0.385975
v -0.180255 -0.226169 -0.407868
v -0.184848 -0.184848 -0.426219
v -0.189172 -0.140988 -0.440837
v -0.192736 -0.095123 -0.451448
v -0.195131 -0.047898 -0.457854
v -0.196000 -0.000000 -0.459983
v -0.195131 0.047898 -0.457854
v -0.192736 0.095123 -0.451448
v -0.189172 0.140988 -0.440837
v -0.184848 0.184848 -0.426219
v -0.180255 0.226169 -0.407868
v -0.176085 0.264609 -0.385975
v -0.173064 0.299942 -0.360672
v -0.132442 -0.307738 -0.371156
v -0.134603 -0.271199 -0.397911
v -0.137616 -0.231605 -0.421214
v -0.140988 -0.189172 -0.440837
v -0.144240 -0.144241 -0.456497
v -0.146980 -0.097312 -0.467897
v -0.148856 -0.049004 -0.474807
v -0.149546 -0.000000 -0.477113
v -0.148856 0.049004 -0.474806
v -0.146980 0.097312 -0.467897
v -0.144240 0.144241 -0.456497
v -0.140988 0.189172 -0.440837
v -0.137616 0.231605 -0.421214
v -0.134603 0.271199 -0.397911
v -0.132442 0.307738 -0.371156
v -0.089534 -0.313710 -0.378907
v -0.090932 -0.276364 -0.406639
v -0.092895 -0.235973 -0.430915
v -0.095123 -0.192736 -0.451448
v -0.097312 -0.146981 -0.467897
v -0.099186 -0.099186 -0.479922
v -0.100485 -0.049960 -0.487245
v -0.100968 -0.000000 -0.489700
v -0.100485 0.049960 -0.487245
v -0.099186 0.099186 -0.479922
v -0.097312 0.146981 -0.467897
v -0.095123 0.192736 -0.451448
v -0.092895 0.235973 -0.430915
v -0.090932 0.276364 -0.406639
v -0.089534 0.313710 -0.378907
v -0.045125 -0.317470 -0.383637
v -0.045813 -0.279685 -0.411920
v -0.046785 -0.238846 -0.436766
v -0.047898 -0.195131 -0.457854
v -0.049004 -0.148856 -0.474806
v -0.049960 -0.100486 -0.487245
v -0.050628 -0.050628 -0.494848
v -0.050878 0.000000 -0.497405
v -0.050628 0.050628 -0.494848
v -0.049960 0.100486 -0.487245
v -0.049004 0.148856 -0.474806
v -0.047898 0.195131 -0.457854
v -0.046785 0.238846 -0.436766
v -0.045813 0.279685 -0.411920
v -0.045125 0.317470 -0.383637
v 0.000000 -0.318761 -0.385217
v 0.000000 -0.280846 -0.413674
v 0.000000 -0.239870 -0.438706
v 0.000000 -0.196001 -0.459983
v 0.000000 -0.149546 -0.477113
v 0.000000 -0.100968 -0.489700
v 0.000000 -0.050878 -0.497405
v 0.000000 0.000000 -0.500001
v 0.000000 0.050878 -0.497405
v 0.000000 0.100968 -0.489700
v 0.000000 0.149546 -0.477113
v -0.000000 0.196001 -0.459983
v -0.000000 0.239870 -0.438706
v -0.000000 0.280846 -0.413674
v -0.000000 0.318761 -0.385217
v 0.045125 -0.317470 -0.383637
v 0.045813 -0.279685 -0.411920
v 0.046785 -0.238846 -0.436766
v 0.047898 -0.195131 -0.457854
v 0.049004 -0.148856 -0.474806
v 0.049960 -0.100486 -0.487245
v 0.050628 -0.050628 -0.494848
v 0.050878 0.000000 -0.497405
v 0.050628 0.050628 -0.494848
v 0.049960 0.100486 -0.487245
v 0.049004 0.148856 -0.474806
v 0.047898 0.195131 -0.457854
v 0.046785 0.238846 -0.436766
v 0.045813 0.279685 -0.411920
v 0.045125 0.317470 -0.383637
v 0.089534 -0.313710 -0.378906
v 0.090932 -0.276364 -0.406638
v 0.092895 -0.235973 -0.430915
v 0.095123 -0.192736 -0.451448
v 0.097312 -0.146980 -0.467897
v 0.099186 -0.099186 -0.479922
v 0.100485 -0.049960 -0.487245
v 0.100968 0.000000 -0.489700
v 0.100485 0.049960 -0.487245
v 0.099186 0.099186 -0.479922
v 0.097312 0.146980 -0.467897
v 0.095123 0.192736 -0.451448
v 0.092895 0.235973 -0.430915
v 0.090932 0.276364 -0.406639
v 0.089534 0.313710 -0.378907
v 0.132442 -0.307738 -0.371156
v 0.134603 -0.271199 -0.397911
v 0.137616 -0.231605 -0.421214
v 0.140988 -0.189172 -0.440837
v 0.144240 -0.144241 -0.456497
v 0.146980 -0.097312 -0.467897
v 0.148856 -0.049004 -0.474807
v 0.149546 0.000000 -0.477113
v 0.148856 0.049004 -0.474806
v 0.146980 0.097312 -0.467897
v 0.144240 0.144241 -0.456497
v 0.140988 0.189172 -0.440837
v 0.137616 0.231605 -0.421214
v 0.134603 0.271199 -0.397911
v 0.132442 0.307738 -0.371156
v 0.173064 -0.299942 -0.360672
v 0.176085 -0.264609 -0.385975
v 0.180255 -0.226169 -0.407868
v 0.184848 -0.184848 -0.426219
v 0.189172 -0.140988 -0.440837
v 0.192736 -0.095123 -0.451448
v 0.195131 -0.047898 -0.457854
v 0.196000 0.000000 -0.459983
v 0.195131 0.047898 -0.457854
v 0.192736 0.095123 -0.451448
v 0.189172 0.140988 -0.440837
v 0.184848 0.184848 -0.426219
v 0.180255 0.226169 -0.407868
v 0.176085 0.264609 -0.385975
v 0.173064 0.299942 -0.360672
v 0.210654 -0.290904 -0.347851
v 0.214727 -0.257199 -0.371135
v 0.220236 -0.220236 -0.391143
v 0.226169 -0.180255 -0.407868
v 0.231605 -0.137616 -0.421214
v 0.235973 -0.092896 -0.430915
v 0.238846 -0.046785 -0.436766
v 0.239869 0.000000 -0.438706
v 0.238846 0.046785 -0.436766
v 0.235973 0.092896 -0.430915
v 0.231605 0.137616 -0.421214
v 0.226169 0.180255 -0.407868
v 0.220236 0.220236 -0.391143
v 0.214727 0.257199 -0.371135
v 0.210654 0.290904 -0.347851
v 0.244407 -0.281628 -0.333093
v 0.250028 -0.250029 -0.353514
v 0.257199 -0.214727 -0.371135
v 0.264608 -0.176085 -0.385975
v 0.271199 -0.134604 -0.397911
v 0.276364 -0.090932 -0.406639
v 0.279685 -0.045813 -0.411920
v 0.280845 0.000000 -0.413674
v 0.279685 0.045813 -0.411920
v 0.276364 0.090932 -0.406639
v 0.271199 0.134604 -0.397911
v 0.264608 0.176085 -0.385975
v 0.257199 0.214727 -0.371135
v 0.250028 0.250029 -0.353514
v 0.244407 0.281628 -0.333093
v 0.273703 -0.273703 -0.316503
v 0.281628 -0.244408 -0.333093
v 0.290904 -0.210654 -0.347851
v 0.299942 -0.173064 -0.360672
v 0.307738 -0.132442 -0.371156
v 0.313710 -0.089535 -0.378907
v 0.317470 -0.045125 -0.383637
v 0.318760 0.000000 -0.385217
v 0.317470 0.045125 -0.383637
v 0.313710 0.089535 -0.378907
v 0.307738 0.132442 -0.371156
v 0.299942 0.173064 -0.360672
v 0.290904 0.210654 -0.347851
v 0.281628 0.244408 -0.333093
v 0.273703 0.273703 -0.316503
vt 0.667576 0.488566
vt 0.679290 0.492597
vt 0.674781 0.512819
vt 0.661500 0.510481
vt 0.690779 0.496732
vt 0.687500 0.515715
vt 0.702572 0.500563
vt 0.700165 0.518663
vt 0.714846 0.503912
vt 0.713093 0.521347
vt 0.727618 0.506764
vt 0.726356 0.523695
vt 0.740864 0.509141
vt 0.739966 0.525698
vt 0.754561 0.511068
vt 0.753933 0.527344
vt 0.768680 0.512572
vt 0.768260 0.528633
vt 0.783174 0.513702
vt 0.782909 0.529602
vt 0.797988 0.514512
vt 0.797835 0.530296
vt 0.813070 0.515055
vt 0.812992 0.530762
vt 0.828366 0.515385
vt 0.828333 0.531044
vt 0.843821 0.515554
vt 0.843812 0.531189
vt 0.859384 0.515616
vt 0.859383 0.531242
vt 0.670940 0.532521
vt 0.656774 0.531084
vt 0.684545 0.534508
vt 0.697956 0.536682
vt 0.711471 0.538747
vt 0.725182 0.540616
vt 0.739127 0.542253
vt 0.753347 0.543620
vt 0.767867 0.544694
vt 0.782662 0.545502
vt 0.797692 0.546080
vt 0.812918 0.546468
vt 0.828302 0.546703
vt 0.843802 0.546824
vt 0.859382 0.546869
vt 0.667843 0.551704
vt 0.653210 0.550764
vt 0.682045 0.553050
vt 0.696045 0.554579
vt 0.710047 0.556096
vt 0.724138 0.557522
vt 0.738377 0.558806
vt 0.752821 0.559896
vt 0.767515 0.560755
vt 0.782440 0.561401
vt 0.797564 0.561864
vt 0.812853 0.562174
vt 0.828274 0.562363
vt 0.843794 0.562459
vt 0.859381 0.562495
vt 0.665499 0.570433
vt 0.650577 0.569831
vt 0.680099 0.571306
vt 0.694517 0.572327
vt 0.708880 0.573382
vt 0.723267 0.574409
vt 0.737744 0.575356
vt 0.752377 0.576172
vt 0.767218 0.576817
vt 0.782253 0.577301
vt 0.797455 0.577648
vt 0.812797 0.577881
vt 0.828250 0.578022
vt 0.843787 0.578095
vt 0.859380 0.578121
vt 0.663875 0.588815
vt 0.648778 0.588463
vt 0.678721 0.589332
vt 0.693404 0.589952
vt 0.708008 0.590617
vt 0.722603 0.591282
vt 0.737257 0.591905
vt 0.752035 0.592448
vt 0.766988 0.592878
vt 0.782108 0.593201
vt 0.797372 0.593432
vt 0.812754 0.593587
vt 0.828232 0.593681
vt 0.843782 0.593730
vt 0.859379 0.593748
vt 0.662930 0.606965
vt 0.647746 0.606804
vt 0.677901 0.607204
vt 0.692722 0.607497
vt 0.707461 0.607817
vt 0.722181 0.608143
vt 0.736944 0.608453
vt 0.751814 0.608724
vt 0.766840 0.608939
vt 0.782015 0.609100
vt 0.797318 0.609216
vt 0.812727 0.609294
vt 0.828221 0.609341
vt 0.843778 0.609365
vt 0.859379 0.609374
vt 0.662625 0.625000
vt 0.647417 0.625000
vt 0.677629 0.625000
vt 0.692491 0.625000
vt 0.707272 0.625000
vt 0.722032 0.625000
vt 0.736833 0.625000
vt 0.751736 0.625000
vt 0.766788 0.625000
vt 0.781982 0.625000
vt 0.797299 0.625000
vt 0.812717 0.625000
vt 0.828217 0.625000
vt 0.843777 0.625000
vt 0.859379 0.625000
vt 0.662930 0.643035
vt 0.647746 0.643196
vt 0.677901 0.642796
vt 0.692722 0.642504
vt 0.707461 0.642183
vt 0.722181 0.641857
vt 0.736944 0.641547
vt 0.751814 0.641276
vt 0.766840 0.641061
vt 0.782015 0.640900
vt 0.797318 0.640784
vt 0.812727 0.640706
vt 0.828221 0.640659
vt 0.843778 0.640635
vt 0.859379 0.640626
vt 0.663875 0.661186
vt 0.648778 0.661537
vt 0.678721 0.660668
vt 0.693403 0.660048
vt 0.708008 0.659383
vt 0.722603 0.658719
vt 0.737257 0.658095
vt 0.752035 0.657552
vt 0.766988 0.657122
vt 0.782108 0.656799
vt 0.797372 0.656568
vt 0.812754 0.656413
vt 0.828232 0.656319
vt 0.843782 0.656270
vt 0.859379 0.656253
vt 0.665499 0.679567
vt 0.650577 0.680169
vt 0.680099 0.678694
vt 0.694517 0.677673
vt 0.708880 0.676618
vt 0.723267 0.675591
vt 0.737744 0.674644
vt 0.752377 0.673828
vt 0.767217 0.673184
vt 0.782253 0.672699
vt 0.797455 0.672352
vt 0.812797 0.672119
vt 0.828250 0.671978
vt 0.843787 0.671906
vt 0.859380 0.671879
vt 0.667843 0.698297
vt 0.653210 0.699236
vt 0.682045 0.696950
vt 0.696045 0.695421
vt 0.710047 0.693904
vt 0.724138 0.692478
vt 0.738377 0.691194
vt 0.752821 0.690104
vt 0.767515 0.689245
vt 0.782440 0.688599
vt 0.797564 0.688136
vt 0.812853 0.687826
vt 0.828274 0.687637
vt 0.843794 0.687541
vt 0.859381 0.687505
vt 0.670940 0.717479
vt 0.656774 0.718916
vt 0.684545 0.715492
vt 0.697956 0.713318
vt 0.711471 0.711253
vt 0.725182 0.709384
vt 0.739127 0.707747
vt 0.753347 0.706380
vt 0.767867 0.705306
vt 0.782662 0.704498
vt 0.797692 0.703920
vt 0.812918 0.703532
vt 0.828302 0.703297
vt 0.843802 0.703176
vt 0.859382 0.703131
vt 0.674781 0.737181
vt 0.661500 0.739519
vt 0.687500 0.734285
vt 0.700165 0.731337
vt 0.713093 0.728653
vt 0.726356 0.726305
vt 0.739966 0.724303
vt 0.753933 0.722656
vt 0.768260 0.721367
vt 0.782909 0.720398
vt 0.797835 0.719704
vt 0.812992 0.719238
vt 0.828332 0.718956
vt 0.843812 0.718811
vt 0.859383 0.718758
vt 0.679290 0.757403
vt 0.667576 0.761434
vt 0.690779 0.753268
vt 0.702572 0.749437
vt 0.714846 0.746088
vt 0.727618 0.743236
vt 0.740864 0.740859
vt 0.754561 0.738932
vt 0.768680 0.737428
vt 0.783174 0.736298
vt 0.797989 0.735488
vt 0.813070 0.734945
vt 0.828366 0.734615
vt 0.843821 0.734446
vt 0.859384 0.734384
vt 0.666667 0.458333
vt 0.674957 0.465668
vt 0.654649 0.484036
vt 0.684163 0.472087
vt 0.694224 0.477651
vt 0.705078 0.482422
vt 0.716665 0.486460
vt 0.728923 0.489827
vt 0.741791 0.492584
vt 0.755208 0.494792
vt 0.769114 0.496511
vt 0.783447 0.497803
vt 0.798147 0.498728
vt 0.813151 0.499349
vt 0.828400 0.499725
vt 0.843831 0.499919
vt 0.859385 0.499990
vt 0.875000 0.500000
vt 0.875000 0.515625
vt 0.875000 0.531250
vt 0.875000 0.546875
vt 0.875000 0.562500
vt 0.875000 0.578125
vt 0.875000 0.593750
vt 0.875000 0.609375
vt 0.875000 0.625000
vt 0.875000 0.640625
vt 0.875000 0.656250
vt 0.875000 0.671875
vt 0.875000 0.687500
vt 0.875000 0.703125
vt 0.875000 0.718750
vt 0.875000 0.734375
vt 0.875000 0.750000
vt 0.859385 0.750010
vt 0.843831 0.750081
vt 0.828400 0.750275
vt 0.813151 0.750651
vt 0.798147 0.751272
vt 0.783447 0.752197
vt 0.769114 0.753489
vt 0.755208 0.755208
vt 0.741791 0.757416
vt 0.728923 0.760173
vt 0.716665 0.763540
vt 0.705078 0.767578
vt 0.694224 0.772349
vt 0.684163 0.777914
vt 0.674957 0.784332
vt 0.654649 0.765964
vt 0.666667 0.791667
vt 0.646640 0.740282
vt 0.641618 0.719377
vt 0.637912 0.699544
vt 0.635195 0.680374
vt 0.633342 0.661662
vt 0.632282 0.643255
vt 0.631945 0.625000
vt 0.632282 0.606745
vt 0.633342 0.588338
vt 0.635195 0.569626
vt 0.637912 0.550456
vt 0.641618 0.530624
vt 0.646640 0.509718
vt 0.363566 0.792576
vt 0.385481 0.786500
vt 0.387819 0.799781
vt 0.367597 0.804290
vt 0.406084 0.781774
vt 0.407521 0.795940
vt 0.425764 0.778210
vt 0.426704 0.792843
vt 0.444831 0.775577
vt 0.445433 0.790499
vt 0.463463 0.773778
vt 0.463815 0.788875
vt 0.481804 0.772746
vt 0.481965 0.787930
vt 0.500000 0.772417
vt 0.500000 0.787625
vt 0.518196 0.772746
vt 0.518035 0.787930
vt 0.536537 0.773778
vt 0.536185 0.788875
vt 0.555169 0.775577
vt 0.554567 0.790499
vt 0.574236 0.778210
vt 0.573296 0.792843
vt 0.593916 0.781774
vt 0.592479 0.795940
vt 0.614519 0.786500
vt 0.612181 0.799781
vt 0.636434 0.792576
vt 0.632403 0.804290
vt 0.390715 0.812500
vt 0.371732 0.815779
vt 0.409508 0.809545
vt 0.428050 0.807045
vt 0.446306 0.805099
vt 0.464332 0.803721
vt 0.482204 0.802901
vt 0.500000 0.802629
vt 0.517796 0.802901
vt 0.535668 0.803721
vt 0.553694 0.805099
vt 0.571950 0.807045
vt 0.590492 0.809545
vt 0.609285 0.812500
vt 0.628268 0.815779
vt 0.393663 0.825165
vt 0.375563 0.827572
vt 0.411682 0.822956
vt 0.429579 0.821045
vt 0.447327 0.819517
vt 0.464952 0.818404
vt 0.482497 0.817722
vt 0.500000 0.817491
vt 0.517504 0.817722
vt 0.535048 0.818404
vt 0.552673 0.819517
vt 0.570421 0.821045
vt 0.588318 0.822956
vt 0.606337 0.825165
vt 0.624437 0.827572
vt 0.396347 0.838093
vt 0.378912 0.839846
vt 0.413747 0.836471
vt 0.431096 0.835047
vt 0.448382 0.833880
vt 0.465617 0.833008
vt 0.482817 0.832461
vt 0.500000 0.832272
vt 0.517183 0.832461
vt 0.534383 0.833008
vt 0.551618 0.833880
vt 0.568904 0.835047
vt 0.586253 0.836471
vt 0.603653 0.838093
vt 0.621088 0.839846
vt 0.398695 0.851356
vt 0.381764 0.852618
vt 0.415616 0.850182
vt 0.432522 0.849138
vt 0.449410 0.848267
vt 0.466282 0.847603
vt 0.483143 0.847181
vt 0.500000 0.847032
vt 0.516857 0.847181
vt 0.533719 0.847603
vt 0.550591 0.848267
vt 0.567478 0.849138
vt 0.584384 0.850182
vt 0.601305 0.851356
vt 0.618236 0.852618
vt 0.400698 0.864966
vt 0.384141 0.865864
vt 0.417253 0.864127
vt 0.433806 0.863377
vt 0.450357 0.862744
vt 0.466905 0.862257
vt 0.483453 0.861944
vt 0.500000 0.861833
vt 0.516547 0.861944
vt 0.533095 0.862257
vt 0.549644 0.862744
vt 0.566194 0.863377
vt 0.582747 0.864127
vt 0.599303 0.864966
vt 0.615859 0.865864
vt 0.402344 0.878933
vt 0.386068 0.879561
vt 0.418620 0.878347
vt 0.434896 0.877821
vt 0.451172 0.877377
vt 0.467448 0.877035
vt 0.483724 0.876814
vt 0.500000 0.876736
vt 0.516276 0.876814
vt 0.532552 0.877035
vt 0.548828 0.877377
vt 0.565104 0.877821
vt 0.581380 0.878347
vt 0.597656 0.878933
vt 0.613932 0.879561
vt 0.403633 0.893260
vt 0.387572 0.893680
vt 0.419694 0.892867
vt 0.435755 0.892515
vt 0.451817 0.892218
vt 0.467878 0.891988
vt 0.483939 0.891840
vt 0.500000 0.891788
vt 0.516061 0.891840
vt 0.532122 0.891988
vt 0.548184 0.892218
vt 0.564245 0.892515
vt 0.580306 0.892867
vt 0.596367 0.893260
vt 0.612428 0.893680
vt 0.404602 0.907909
vt 0.388702 0.908174
vt 0.420502 0.907662
vt 0.436401 0.907440
vt 0.452301 0.907253
vt 0.468201 0.907108
vt 0.484100 0.907015
vt 0.500000 0.906982
vt 0.515900 0.907015
vt 0.531799 0.907108
vt 0.547699 0.907253
vt 0.563599 0.907440
vt 0.579498 0.907662
vt 0.595398 0.907909
vt 0.611298 0.908174
vt 0.405296 0.922835
vt 0.389512 0.922989
vt 0.421080 0.922692
vt 0.436864 0.922564
vt 0.452648 0.922455
vt 0.468432 0.922372
vt 0.484216 0.922318
vt 0.500000 0.922299
vt 0.515784 0.922318
vt 0.531568 0.922372
vt 0.547352 0.922455
vt 0.563136 0.922564
vt 0.578920 0.922692
vt 0.594704 0.922835
vt 0.610488 0.922989
vt 0.405762 0.937992
vt 0.390055 0.938070
vt 0.421468 0.937918
vt 0.437174 0.937853
vt 0.452881 0.937797
vt 0.468587 0.937754
vt 0.484294 0.937727
vt 0.500000 0.937717
vt 0.515706 0.937727
vt 0.531413 0.937754
vt 0.547119 0.937797
vt 0.562826 0.937853
vt 0.578532 0.937918
vt 0.594238 0.937992
vt 0.609945 0.938070
vt 0.406044 0.953333
vt 0.390385 0.953366
vt 0.421703 0.953302
vt 0.437363 0.953274
vt 0.453022 0.953250
vt 0.468681 0.953232
vt 0.484341 0.953221
vt 0.500000 0.953217
vt 0.515659 0.953221
vt 0.531319 0.953232
vt 0.546978 0.953250
vt 0.562637 0.953274
vt 0.578297 0.953302
vt 0.593956 0.953332
vt 0.609615 0.953366
vt 0.406189 0.968812
vt 0.390554 0.968821
vt 0.421824 0.968802
vt 0.437459 0.968794
vt 0.453094 0.968787
vt 0.468730 0.968782
vt 0.484365 0.968778
vt 0.500000 0.968777
vt 0.515635 0.968778
vt 0.531270 0.968782
vt 0.546906 0.968787
vt 0.562541 0.968794
vt 0.578176 0.968802
vt 0.593811 0.968812
vt 0.609446 0.968821
vt 0.406242 0.984383
vt 0.390616 0.984384
vt 0.421869 0.984382
vt 0.437495 0.984381
vt 0.453121 0.984380
vt 0.468747 0.984379
vt 0.484374 0.984379
vt 0.500000 0.984379
vt 0.515626 0.984379
vt 0.531253 0.984379
vt 0.546879 0.984380
vt 0.562505 0.984381
vt 0.578131 0.984382
vt 0.593758 0.984383
vt 0.609384 0.984384
vt 0.333333 0.791667
vt 0.359036 0.779649
vt 0.340668 0.799957
vt 0.384718 0.771640
vt 0.405624 0.766618
vt 0.425456 0.762912
vt 0.444626 0.760195
vt 0.463338 0.758342
vt 0.481745 0.757282
vt 0.500000 0.756944
vt 0.518255 0.757282
vt 0.536662 0.758342
vt 0.555374 0.760195
vt 0.574544 0.762912
vt 0.594377 0.766618
vt 0.615282 0.771640
vt 0.640964 0.779649
vt 0.659332 0.799957
vt 0.652913 0.809163
vt 0.647349 0.819224
vt 0.642578 0.830078
vt 0.638540 0.841665
vt 0.635173 0.853923
vt 0.632416 0.866791
vt 0.630208 0.880208
vt 0.628489 0.894114
vt 0.627197 0.908447
vt 0.626272 0.923147
vt 0.625651 0.938151
vt 0.625275 0.953400
vt 0.625081 0.968832
vt 0.625010 0.984385
vt 0.625000 1.000000
vt 0.609375 1.000000
vt 0.593750 1.000000
vt 0.578125 1.000000
vt 0.562500 1.000000
vt 0.546875 1.000000
vt 0.531250 1.000000
vt 0.515625 1.000000
vt 0.500000 1.000000
vt 0.484375 1.000000
vt 0.468750 1.000000
vt 0.453125 1.000000
vt 0.437500 1.000000
vt 0.421875 1.000000
vt 0.406250 1.000000
vt 0.390625 1.000000
vt 0.374990 0.984385
vt 0.375000 1.000000
vt 0.374919 0.968832
vt 0.374725 0.953400
vt 0.374349 0.938151
vt 0.373728 0.923147
vt 0.372803 0.908447
vt 0.371511 0.894114
vt 0.369792 0.880208
vt 0.367584 0.866791
vt 0.364828 0.853923
vt 0.361460 0.841665
vt 0.357422 0.830078
vt 0.352651 0.819224
vt 0.347087 0.809163
vt 0.390625 0.015625
vt 0.406250 0.015625
vt 0.406250 0.031250
vt 0.390625 0.031250
vt 0.421875 0.015625
vt 0.421875 0.031250
vt 0.437500 0.015625
vt 0.437500 0.031250
vt 0.453125 0.015625
vt 0.453125 0.031250
vt 0.468750 0.015625
vt 0.468750 0.031250
vt 0.484375 0.015625
vt 0.484375 0.031250
vt 0.500000 0.015625
vt 0.500000 0.031250
vt 0.515625 0.015625
vt 0.515625 0.031250
vt 0.531250 0.015625
vt 0.531250 0.031250
vt 0.546875 0.015625
vt 0.546875 0.031250
vt 0.562500 0.015625
vt 0.562500 0.031250
vt 0.578125 0.015625
vt 0.578125 0.031250
vt 0.593750 0.015625
vt 0.593750 0.031250
vt 0.609375 0.015625
vt 0.609375 0.031250
vt 0.406250 0.046875
vt 0.390625 0.046875
vt 0.421875 0.046875
vt 0.437500 0.046875
vt 0.453125 0.046875
vt 0.468750 0.046875
vt 0.484375 0.046875
vt 0.500000 0.046875
vt 0.515625 0.046875
vt 0.531250 0.046875
vt 0.546875 0.046875
vt 0.562500 0.046875
vt 0.578125 0.046875
vt 0.593750 0.046875
vt 0.609375 0.046875
vt 0.406250 0.062500
vt 0.390625 0.062500
vt 0.421875 0.062500
vt 0.437500 0.062500
vt 0.453125 0.062500
vt 0.468750 0.062500
vt 0.484375 0.062500
vt 0.500000 0.062500
vt 0.515625 0.062500
vt 0.531250 0.062500
vt 0.546875 0.062500
vt 0.562500 0.062500
vt 0.578125 0.062500
vt 0.593750 0.062500
vt 0.609375 0.062500
vt 0.406250 0.078125
vt 0.390625 0.078125
vt 0.421875 0.078125
vt 0.437500 0.078125
vt 0.453125 0.078125
vt 0.468750 0.078125
vt 0.484375 0.078125
vt 0.500000 0.078125
vt 0.515625 0.078125
vt 0.531250 0.078125
vt 0.546875 0.078125
vt 0.562500 0.078125
vt 0.578125 0.078125
vt 0.593750 0.078125
vt 0.609375 0.078125
vt 0.406250 0.093750
vt 0.390625 0.093750
vt 0.421875 0.093750
vt 0.437500 0.093750
vt 0.453125 0.093750
vt 0.468750 0.093750
vt 0.484375 0.093750
vt 0.500000 0.093750
vt 0.515625 0.093750
vt 0.531250 0.093750
vt 0.546875 0.093750
vt 0.562500 0.093750
vt 0.578125 0.093750
vt 0.593750 0.093750
vt 0.609375 0.093750
vt 0.406250 0.109375
vt 0.390625 0.109375
vt 0.421875 0.109375
vt 0.437500 0.109375
vt 0.453125 0.109375
vt 0.468750 0.109375
vt 0.484375 0.109375
vt 0.500000 0.109375
vt 0.515625 0.109375
vt 0.531250 0.109375
vt 0.546875 0.109375
vt 0.562500 0.109375
vt 0.578125 0.109375
vt 0.593750 0.109375
vt 0.609375 0.109375
vt 0.406250 0.125000
vt 0.390625 0.125000
vt 0.421875 0.125000
vt 0.437500 0.125000
vt 0.453125 0.125000
vt 0.468750 0.125000
vt 0.484375 0.125000
vt 0.500000 0.125000
vt 0.515625 0.125000
vt 0.531250 0.125000
vt 0.546875 0.125000
vt 0.562500 0.125000
vt 0.578125 0.125000
vt 0.593750 0.125000
vt 0.609375 0.125000
vt 0.406250 0.140625
vt 0.390625 0.140625
vt 0.421875 0.140625
vt 0.437500 0.140625
vt 0.453125 0.140625
vt 0.468750 0.140625
vt 0.484375 0.140625
vt 0.500000 0.140625
vt 0.515625 0.140625
vt 0.531250 0.140625
vt 0.546875 0.140625
vt 0.562500 0.140625
vt 0.578125 0.140625
vt 0.593750 0.140625
vt 0.609375 0.140625
vt 0.406250 0.156250
vt 0.390625 0.156250
vt 0.421875 0.156250
vt 0.437500 0.156250
vt 0.453125 0.156250
vt 0.468750 0.156250
vt 0.484375 0.156250
vt 0.500000 0.156250
vt 0.515625 0.156250
vt 0.531250 0.156250
vt 0.546875 0.156250
vt 0.562500 0.156250
vt 0.578125 0.156250
vt 0.593750 0.156250
vt 0.609375 0.156250
vt 0.406250 0.171875
vt 0.390625 0.171875
vt 0.421875 0.171875
vt 0.437500 0.171875
vt 0.453125 0.171875
vt 0.468750 0.171875
vt 0.484375 0.171875
vt 0.500000 0.171875
vt 0.515625 0.171875
vt 0.531250 0.171875
vt 0.546875 0.171875
vt 0.562500 0.171875
vt 0.578125 0.171875
vt 0.593750 0.171875
vt 0.609375 0.171875
vt 0.406250 0.187500
vt 0.390625 0.187500
vt 0.421875 0.187500
vt 0.437500 0.187500
vt 0.453125 0.187500
vt 0.468750 0.187500
vt 0.484375 0.187500
vt 0.500000 0.187500
vt 0.515625 0.187500
vt 0.531250 0.187500
vt 0.546875 0.187500
vt 0.562500 0.187500
vt 0.578125 0.187500
vt 0.593750 0.187500
vt 0.609375 0.187500
vt 0.406250 0.203125
vt 0.390625 0.203125
vt 0.421875 0.203125
vt 0.437500 0.203125
vt 0.453125 0.203125
vt 0.468750 0.203125
vt 0.484375 0.203125
vt 0.500000 0.203125
vt 0.515625 0.203125
vt 0.531250 0.203125
vt 0.546875 0.203125
vt 0.562500 0.203125
vt 0.578125 0.203125
vt 0.593750 0.203125
vt 0.609375 0.203125
vt 0.406250 0.218750
vt 0.390625 0.218750
vt 0.421875 0.218750
vt 0.437500 0.218750
vt 0.453125 0.218750
vt 0.468750 0.218750
vt 0.484375 0.218750
vt 0.500000 0.218750
vt 0.515625 0.218750
vt 0.531250 0.218750
vt 0.546875 0.218750
vt 0.562500 0.218750
vt 0.578125 0.218750
vt 0.593750 0.218750
vt 0.609375 0.218750
vt 0.406250 0.234375
vt 0.390625 0.234375
vt 0.421875 0.234375
vt 0.437500 0.234375
vt 0.453125 0.234375
vt 0.468750 0.234375
vt 0.484375 0.234375
vt 0.500000 0.234375
vt 0.515625 0.234375
vt 0.531250 0.234375
vt 0.546875 0.234375
vt 0.562500 0.234375
vt 0.578125 0.234375
vt 0.593750 0.234375
vt 0.609375 0.234375
vt 0.375000 0.000000
vt 0.390625 0.000000
vt 0.375000 0.015625
vt 0.406250 0.000000
vt 0.421875 0.000000
vt 0.437500 0.000000
vt 0.453125 0.000000
vt 0.468750 0.000000
vt 0.484375 0.000000
vt 0.500000 0.000000
vt 0.515625 0.000000
vt 0.531250 0.000000
vt 0.546875 0.000000
vt 0.562500 0.000000
vt 0.578125 0.000000
vt 0.593750 0.000000
vt 0.609375 0.000000
vt 0.625000 0.000000
vt 0.625000 0.015625
vt 0.625000 0.031250
vt 0.625000 0.046875
vt 0.625000 0.062500
vt 0.625000 0.078125
vt 0.625000 0.093750
vt 0.625000 0.109375
vt 0.625000 0.125000
vt 0.625000 0.140625
vt 0.625000 0.156250
vt 0.625000 0.171875
vt 0.625000 0.187500
vt 0.625000 0.203125
vt 0.625000 0.218750
vt 0.625000 0.234375
vt 0.625000 0.250000
vt 0.609375 0.250000
vt 0.593750 0.250000
vt 0.578125 0.250000
vt 0.562500 0.250000
vt 0.546875 0.250000
vt 0.531250 0.250000
vt 0.515625 0.250000
vt 0.500000 0.250000
vt 0.484375 0.250000
vt 0.468750 0.250000
vt 0.453125 0.250000
vt 0.437500 0.250000
vt 0.421875 0.250000
vt 0.406250 0.250000
vt 0.390625 0.250000
vt 0.375000 0.234375
vt 0.375000 0.250000
vt 0.375000 0.218750
vt 0.375000 0.203125
vt 0.375000 0.187500
vt 0.375000 0.171875
vt 0.375000 0.156250
vt 0.375000 0.140625
vt 0.375000 0.125000
vt 0.375000 0.109375
vt 0.375000 0.093750
vt 0.375000 0.078125
vt 0.375000 0.062500
vt 0.375000 0.046875
vt 0.375000 0.031250
vt 0.140616 0.515616
vt 0.156179 0.515554
vt 0.156189 0.531189
vt 0.140617 0.531242
vt 0.171635 0.515385
vt 0.171668 0.531044
vt 0.186930 0.515055
vt 0.187008 0.530762
vt 0.202012 0.514512
vt 0.202165 0.530296
vt 0.216826 0.513702
vt 0.217091 0.529602
vt 0.231320 0.512572
vt 0.231740 0.528633
vt 0.245439 0.511068
vt 0.246067 0.527344
vt 0.259136 0.509141
vt 0.260034 0.525698
vt 0.272382 0.506764
vt 0.273644 0.523695
vt 0.285154 0.503912
vt 0.286907 0.521347
vt 0.297428 0.500563
vt 0.299835 0.518663
vt 0.309221 0.496732
vt 0.312500 0.515715
vt 0.320710 0.492597
vt 0.325220 0.512819
vt 0.332424 0.488566
vt 0.338500 0.510481
vt 0.156198 0.546824
vt 0.140618 0.546869
vt 0.171699 0.546703
vt 0.187082 0.546468
vt 0.202308 0.546080
vt 0.217338 0.545502
vt 0.232133 0.544694
vt 0.246653 0.543620
vt 0.260873 0.542253
vt 0.274818 0.540616
vt 0.288529 0.538747
vt 0.302044 0.536682
vt 0.315455 0.534508
vt 0.329060 0.532521
vt 0.343226 0.531084
vt 0.156206 0.562459
vt 0.140619 0.562495
vt 0.171726 0.562363
vt 0.187147 0.562174
vt 0.202436 0.561864
vt 0.217560 0.561401
vt 0.232485 0.560755
vt 0.247179 0.559896
vt 0.261623 0.558806
vt 0.275862 0.557522
vt 0.289953 0.556096
vt 0.303955 0.554579
vt 0.317955 0.553050
vt 0.332157 0.551704
vt 0.346790 0.550764
vt 0.156213 0.578095
vt 0.140620 0.578121
vt 0.171750 0.578022
vt 0.187203 0.577881
vt 0.202545 0.577648
vt 0.217747 0.577301
vt 0.232783 0.576817
vt 0.247623 0.576172
vt 0.262256 0.575356
vt 0.276733 0.574410
vt 0.291120 0.573382
vt 0.305483 0.572327
vt 0.319901 0.571306
vt 0.334501 0.570433
vt 0.349423 0.569831
vt 0.156218 0.593730
vt 0.140621 0.593747
vt 0.171768 0.593681
vt 0.187246 0.593587
vt 0.202628 0.593432
vt 0.217892 0.593201
vt 0.233012 0.592878
vt 0.247966 0.592448
vt 0.262743 0.591905
vt 0.277397 0.591282
vt 0.291992 0.590617
vt 0.306597 0.589952
vt 0.321279 0.589332
vt 0.336125 0.588815
vt 0.351222 0.588463
vt 0.156222 0.609365
vt 0.140621 0.609374
vt 0.171779 0.609341
vt 0.187273 0.609294
vt 0.202682 0.609216
vt 0.217985 0.609100
vt 0.233160 0.608939
vt 0.248186 0.608724
vt 0.263056 0.608453
vt 0.277819 0.608143
vt 0.292539 0.607817
vt 0.307278 0.607497
vt 0.322099 0.607204
vt 0.337070 0.606965
vt 0.352254 0.606804
vt 0.156223 0.625000
vt 0.140622 0.625000
vt 0.171783 0.625000
vt 0.187283 0.625000
vt 0.202701 0.625000
vt 0.218018 0.625000
vt 0.233212 0.625000
vt 0.248264 0.625000
vt 0.263167 0.625000
vt 0.277968 0.625000
vt 0.292728 0.625000
vt 0.307509 0.625000
vt 0.322371 0.625000
vt 0.337375 0.625000
vt 0.352583 0.625000
vt 0.156222 0.640635
vt 0.140621 0.640626
vt 0.171779 0.640659
vt 0.187273 0.640706
vt 0.202682 0.640784
vt 0.217985 0.640900
vt 0.233160 0.641061
vt 0.248186 0.641276
vt 0.263056 0.641547
vt 0.277819 0.641857
vt 0.292539 0.642183
vt 0.307278 0.642503
vt 0.322099 0.642796
vt 0.337070 0.643035
vt 0.352254 0.643196
vt 0.156218 0.656270
vt 0.140621 0.656253
vt 0.171768 0.656319
vt 0.187246 0.656413
vt 0.202628 0.656568
vt 0.217892 0.656799
vt 0.233012 0.657122
vt 0.247966 0.657552
vt 0.262743 0.658095
vt 0.277397 0.658719
vt 0.291992 0.659383
vt 0.306597 0.660048
vt 0.321279 0.660668
vt 0.336125 0.661186
vt 0.351222 0.661537
vt 0.156213 0.671906
vt 0.140620 0.671879
vt 0.171750 0.671978
vt 0.187203 0.672119
vt 0.202545 0.672352
vt 0.217747 0.672699
vt 0.232783 0.673184
vt 0.247623 0.673828
vt 0.262256 0.674644
vt 0.276733 0.675591
vt 0.291120 0.676618
vt 0.305483 0.677673
vt 0.319901 0.678694
vt 0.334501 0.679567
vt 0.349423 0.680169
vt 0.156206 0.687541
vt 0.140620 0.687505
vt 0.171726 0.687637
vt 0.187147 0.687826
vt 0.202436 0.688136
vt 0.217560 0.688599
vt 0.232485 0.689245
vt 0.247179 0.690104
vt 0.261623 0.691194
vt 0.275862 0.692478
vt 0.289953 0.693904
vt 0.303955 0.695421
vt 0.317955 0.696950
vt 0.332157 0.698297
vt 0.346790 0.699236
vt 0.156198 0.703176
vt 0.140618 0.703131
vt 0.171699 0.703297
vt 0.187082 0.703532
vt 0.202308 0.703920
vt 0.217338 0.704498
vt 0.232133 0.705306
vt 0.246653 0.706380
vt 0.260873 0.707748
vt 0.274818 0.709384
vt 0.288529 0.711253
vt 0.302044 0.713318
vt 0.315455 0.715492
vt 0.329060 0.717479
vt 0.343226 0.718916
vt 0.156189 0.718811
vt 0.140617 0.718758
vt 0.171668 0.718956
vt 0.187008 0.719238
vt 0.202165 0.719704
vt 0.217091 0.720398
vt 0.231740 0.721367
vt 0.246067 0.722656
vt 0.260034 0.724303
vt 0.273644 0.726305
vt 0.286907 0.728653
vt 0.299835 0.731337
vt 0.312500 0.734285
vt 0.325219 0.737181
vt 0.338500 0.739519
vt 0.156179 0.734446
vt 0.140616 0.734384
vt 0.171635 0.734615
vt 0.186930 0.734945
vt 0.202012 0.735488
vt 0.216826 0.736298
vt 0.231320 0.737428
vt 0.245439 0.738932
vt 0.259136 0.740859
vt 0.272382 0.743236
vt 0.285154 0.746088
vt 0.297428 0.749437
vt 0.309221 0.753268
vt 0.320710 0.757403
vt 0.332424 0.761434
vt 0.125000 0.500000
vt 0.140615 0.499990
vt 0.125000 0.515625
vt 0.156169 0.499919
vt 0.171600 0.499725
vt 0.186849 0.499349
vt 0.201853 0.498728
vt 0.216553 0.497803
vt 0.230886 0.496511
vt 0.244792 0.494792
vt 0.258209 0.492584
vt 0.271077 0.489828
vt 0.283335 0.486460
vt 0.294922 0.482422
vt 0.305776 0.477651
vt 0.315837 0.472087
vt 0.325043 0.465668
vt 0.333333 0.458333
vt 0.345351 0.484036
vt 0.353360 0.509718
vt 0.358382 0.530624
vt 0.362088 0.550456
vt 0.364805 0.569626
vt 0.366659 0.588338
vt 0.367718 0.606745
vt 0.368056 0.625000
vt 0.367718 0.643255
vt 0.366659 0.661662
vt 0.364805 0.680374
vt 0.362088 0.699544
vt 0.358382 0.719377
vt 0.353360 0.740282
vt 0.345351 0.765964
vt 0.325043 0.784332
vt 0.315837 0.777913
vt 0.305776 0.772349
vt 0.294922 0.767578
vt 0.283335 0.763540
vt 0.271077 0.760173
vt 0.258209 0.757416
vt 0.244792 0.755208
vt 0.230886 0.753489
vt 0.216553 0.752197
vt 0.201853 0.751272
vt 0.186849 0.750651
vt 0.171600 0.750275
vt 0.156169 0.750081
vt 0.140615 0.750010
vt 0.125000 0.734375
vt 0.125000 0.750000
vt 0.125000 0.718750
vt 0.125000 0.703125
vt 0.125000 0.687500
vt 0.125000 0.671875
vt 0.125000 0.656250
vt 0.125000 0.640625
vt 0.125000 0.625000
vt 0.125000 0.609375
vt 0.125000 0.593750
vt 0.125000 0.578125
vt 0.125000 0.562500
vt 0.125000 0.546875
vt 0.125000 0.531250
vt 0.365470 0.490470
vt 0.386259 0.495541
vt 0.389163 0.514163
vt 0.370541 0.511259
vt 0.406421 0.499824
vt 0.408113 0.517242
vt 0.425919 0.503205
vt 0.426968 0.519999
vt 0.444895 0.505745
vt 0.445531 0.522164
vt 0.463480 0.507496
vt 0.463832 0.523694
vt 0.481805 0.508510
vt 0.481960 0.524603
vt 0.500000 0.508837
vt 0.500000 0.524902
vt 0.518195 0.508510
vt 0.518040 0.524603
vt 0.536520 0.507496
vt 0.536168 0.523694
vt 0.555105 0.505745
vt 0.554469 0.522164
vt 0.574081 0.503205
vt 0.573032 0.519999
vt 0.593579 0.499824
vt 0.591887 0.517242
vt 0.613741 0.495540
vt 0.610837 0.514163
vt 0.634530 0.490470
vt 0.629460 0.511259
vt 0.392242 0.533113
vt 0.374824 0.531421
vt 0.410196 0.535196
vt 0.428332 0.537251
vt 0.446380 0.538944
vt 0.464316 0.540186
vt 0.482177 0.540951
vt 0.500000 0.541212
vt 0.517823 0.540951
vt 0.535684 0.540186
vt 0.553620 0.538944
vt 0.571668 0.537251
vt 0.589804 0.535196
vt 0.607758 0.533113
vt 0.625176 0.531421
vt 0.394999 0.551968
vt 0.378205 0.550919
vt 0.412251 0.553332
vt 0.429742 0.554742
vt 0.447289 0.555963
vt 0.464851 0.556905
vt 0.482423 0.557511
vt 0.500000 0.557726
vt 0.517577 0.557511
vt 0.535149 0.556905
vt 0.552711 0.555963
vt 0.570258 0.554742
vt 0.587749 0.553332
vt 0.605001 0.551968
vt 0.621795 0.550919
vt 0.397164 0.570531
vt 0.380745 0.569895
vt 0.413944 0.571380
vt 0.430963 0.572289
vt 0.448118 0.573118
vt 0.465362 0.573789
vt 0.482666 0.574238
vt 0.500000 0.574402
vt 0.517334 0.574238
vt 0.534638 0.573789
vt 0.551883 0.573118
vt 0.569037 0.572289
vt 0.586056 0.571380
vt 0.602836 0.570531
vt 0.619255 0.569895
vt 0.398694 0.588833
vt 0.382496 0.588480
vt 0.415186 0.589316
vt 0.431905 0.589851
vt 0.448789 0.590362
vt 0.465792 0.590792
vt 0.482876 0.591089
vt 0.500000 0.591200
vt 0.517124 0.591089
vt 0.534208 0.590792
vt 0.551211 0.590362
vt 0.568095 0.589850
vt 0.584814 0.589316
vt 0.601306 0.588833
vt 0.617504 0.588480
vt 0.399603 0.606960
vt 0.383510 0.606805
vt 0.415951 0.607177
vt 0.432511 0.607423
vt 0.449238 0.607666
vt 0.466089 0.607876
vt 0.483024 0.608024
vt 0.500000 0.608080
vt 0.516976 0.608024
vt 0.533911 0.607876
vt 0.550762 0.607666
vt 0.567489 0.607423
vt 0.584049 0.607177
vt 0.600397 0.606960
vt 0.616490 0.606805
vt 0.399902 0.625000
vt 0.383837 0.625000
vt 0.416212 0.625000
vt 0.432726 0.625000
vt 0.449402 0.625000
vt 0.466200 0.625000
vt 0.483080 0.625000
vt 0.500000 0.625000
vt 0.516920 0.625000
vt 0.533800 0.625000
vt 0.550598 0.625000
vt 0.567274 0.625000
vt 0.583788 0.625000
vt 0.600098 0.625000
vt 0.616163 0.625000
vt 0.399603 0.643040
vt 0.383510 0.643195
vt 0.415951 0.642823
vt 0.432511 0.642577
vt 0.449238 0.642334
vt 0.466089 0.642124
vt 0.483024 0.641976
vt 0.500000 0.641920
vt 0.516976 0.641976
vt 0.533911 0.642124
vt 0.550762 0.642334
vt 0.567489 0.642577
vt 0.584049 0.642823
vt 0.600397 0.643040
vt 0.616490 0.643195
vt 0.398694 0.661168
vt 0.382496 0.661520
vt 0.415186 0.660684
vt 0.431905 0.660150
vt 0.448789 0.659638
vt 0.465792 0.659208
vt 0.482876 0.658911
vt 0.500000 0.658800
vt 0.517124 0.658911
vt 0.534208 0.659208
vt 0.551211 0.659638
vt 0.568095 0.660149
vt 0.584814 0.660684
vt 0.601306 0.661168
vt 0.617504 0.661520
vt 0.397164 0.679469
vt 0.380745 0.680105
vt 0.413944 0.678620
vt 0.430963 0.677712
vt 0.448118 0.676882
vt 0.465362 0.676211
vt 0.482666 0.675762
vt 0.500000 0.675598
vt 0.517334 0.675762
vt 0.534638 0.676211
vt 0.551882 0.676882
vt 0.569037 0.677712
vt 0.586056 0.678620
vt 0.602836 0.679469
vt 0.619255 0.680105
vt 0.394999 0.698032
vt 0.378205 0.699081
vt 0.412251 0.696668
vt 0.429742 0.695258
vt 0.447289 0.694037
vt 0.464851 0.693095
vt 0.482423 0.692489
vt 0.500000 0.692274
vt 0.517577 0.692489
vt 0.535149 0.693095
vt 0.552711 0.694037
vt 0.570258 0.695258
vt 0.587749 0.696668
vt 0.605001 0.698032
vt 0.621795 0.699081
vt 0.392242 0.716887
vt 0.374824 0.718579
vt 0.410196 0.714804
vt 0.428332 0.712749
vt 0.446380 0.711056
vt 0.464316 0.709814
vt 0.482177 0.709049
vt 0.500000 0.708788
vt 0.517823 0.709049
vt 0.535684 0.709814
vt 0.553620 0.711056
vt 0.571668 0.712749
vt 0.589804 0.714804
vt 0.607758 0.716887
vt 0.625176 0.718579
vt 0.389163 0.735837
vt 0.370541 0.738741
vt 0.408113 0.732758
vt 0.426968 0.730001
vt 0.445531 0.727836
vt 0.463832 0.726306
vt 0.481960 0.725398
vt 0.500000 0.725098
vt 0.518040 0.725398
vt 0.536168 0.726306
vt 0.554469 0.727836
vt 0.573032 0.730001
vt 0.591887 0.732758
vt 0.610837 0.735837
vt 0.629460 0.738741
vt 0.386259 0.754460
vt 0.365470 0.759530
vt 0.406421 0.750176
vt 0.425919 0.746795
vt 0.444895 0.744255
vt 0.463480 0.742504
vt 0.481805 0.741490
vt 0.500000 0.741164
vt 0.518195 0.741490
vt 0.536520 0.742504
vt 0.555105 0.744255
vt 0.574081 0.746795
vt 0.593579 0.750176
vt 0.613741 0.754460
vt 0.634530 0.759530
vt 0.359036 0.470351
vt 0.384718 0.478360
vt 0.405624 0.483382
vt 0.425456 0.487088
vt 0.444626 0.489805
vt 0.463338 0.491659
vt 0.481745 0.492718
vt 0.500000 0.493056
vt 0.518255 0.492718
vt 0.536662 0.491659
vt 0.555374 0.489805
vt 0.574544 0.487088
vt 0.594377 0.483382
vt 0.615282 0.478360
vt 0.640964 0.470351
vt 0.390616 0.265616
vt 0.406242 0.265617
vt 0.406189 0.281189
vt 0.390554 0.281179
vt 0.421869 0.265618
vt 0.421824 0.281198
vt 0.437495 0.265620
vt 0.437459 0.281206
vt 0.453121 0.265620
vt 0.453095 0.281213
vt 0.468747 0.265621
vt 0.468730 0.281218
vt 0.484374 0.265621
vt 0.484365 0.281222
vt 0.500000 0.265622
vt 0.500000 0.281223
vt 0.515626 0.265621
vt 0.515635 0.281222
vt 0.531253 0.265621
vt 0.531270 0.281218
vt 0.546879 0.265620
vt 0.546906 0.281213
vt 0.562505 0.265620
vt 0.562541 0.281206
vt 0.578131 0.265618
vt 0.578176 0.281198
vt 0.593758 0.265617
vt 0.593811 0.281189
vt 0.609384 0.265616
vt 0.609446 0.281179
vt 0.406044 0.296668
vt 0.390385 0.296635
vt 0.421703 0.296699
vt 0.437363 0.296726
vt 0.453022 0.296750
vt 0.468681 0.296768
vt 0.484341 0.296779
vt 0.500000 0.296783
vt 0.515659 0.296779
vt 0.531319 0.296768
vt 0.546978 0.296750
vt 0.562637 0.296726
vt 0.578297 0.296699
vt 0.593956 0.296668
vt 0.609615 0.296634
vt 0.405762 0.312008
vt 0.390055 0.311930
vt 0.421468 0.312082
vt 0.437174 0.312147
vt 0.452881 0.312203
vt 0.468587 0.312246
vt 0.484294 0.312273
vt 0.500000 0.312283
vt 0.515706 0.312273
vt 0.531413 0.312246
vt 0.547119 0.312203
vt 0.562826 0.312147
vt 0.578532 0.312082
vt 0.594238 0.312008
vt 0.609945 0.311930
vt 0.405296 0.327165
vt 0.389512 0.327012
vt 0.421080 0.327308
vt 0.436864 0.327436
vt 0.452648 0.327545
vt 0.468432 0.327628
vt 0.484216 0.327682
vt 0.500000 0.327701
vt 0.515784 0.327682
vt 0.531568 0.327628
vt 0.547352 0.327545
vt 0.563136 0.327436
vt 0.578920 0.327308
vt 0.594704 0.327165
vt 0.610488 0.327012
vt 0.404602 0.342091
vt 0.388702 0.341826
vt 0.420502 0.342338
vt 0.436401 0.342560
vt 0.452301 0.342747
vt 0.468201 0.342892
vt 0.484100 0.342985
vt 0.500000 0.343018
vt 0.515900 0.342985
vt 0.531799 0.342892
vt 0.547699 0.342747
vt 0.563599 0.342560
vt 0.579498 0.342338
vt 0.595398 0.342091
vt 0.611298 0.341826
vt 0.403633 0.356740
vt 0.387572 0.356320
vt 0.419694 0.357133
vt 0.435755 0.357485
vt 0.451817 0.357783
vt 0.467878 0.358012
vt 0.483939 0.358160
vt 0.500000 0.358212
vt 0.516061 0.358160
vt 0.532122 0.358012
vt 0.548183 0.357783
vt 0.564245 0.357485
vt 0.580306 0.357133
vt 0.596367 0.356740
vt 0.612428 0.356320
vt 0.402344 0.371067
vt 0.386068 0.370439
vt 0.418620 0.371653
vt 0.434896 0.372179
vt 0.451172 0.372623
vt 0.467448 0.372966
vt 0.483724 0.373186
vt 0.500000 0.373264
vt 0.516276 0.373186
vt 0.532552 0.372966
vt 0.548828 0.372623
vt 0.565104 0.372179
vt 0.581380 0.371653
vt 0.597656 0.371067
vt 0.613932 0.370439
vt 0.400697 0.385034
vt 0.384141 0.384136
vt 0.417253 0.385873
vt 0.433806 0.386623
vt 0.450357 0.387256
vt 0.466905 0.387743
vt 0.483453 0.388056
vt 0.500000 0.388167
vt 0.516547 0.388056
vt 0.533095 0.387743
vt 0.549644 0.387256
vt 0.566194 0.386623
vt 0.582748 0.385873
vt 0.599303 0.385034
vt 0.615859 0.384136
vt 0.398695 0.398644
vt 0.381764 0.397383
vt 0.415616 0.399818
vt 0.432522 0.400862
vt 0.449410 0.401733
vt 0.466282 0.402397
vt 0.483143 0.402819
vt 0.500000 0.402968
vt 0.516857 0.402819
vt 0.533719 0.402397
vt 0.550591 0.401733
vt 0.567478 0.400862
vt 0.584384 0.399818
vt 0.601305 0.398644
vt 0.618236 0.397383
vt 0.396347 0.411907
vt 0.378912 0.410154
vt 0.413747 0.413529
vt 0.431096 0.414953
vt 0.448382 0.416120
vt 0.465617 0.416992
vt 0.482817 0.417539
vt 0.500000 0.417728
vt 0.517183 0.417539
vt 0.534383 0.416992
vt 0.551618 0.416120
vt 0.568904 0.414953
vt 0.586253 0.413529
vt 0.603653 0.411907
vt 0.621088 0.410154
vt 0.393663 0.424835
vt 0.375563 0.422428
vt 0.411682 0.427044
vt 0.429579 0.428955
vt 0.447327 0.430483
vt 0.464952 0.431597
vt 0.482497 0.432278
vt 0.500000 0.432509
vt 0.517504 0.432278
vt 0.535048 0.431597
vt 0.552673 0.430483
vt 0.570421 0.428955
vt 0.588318 0.427044
vt 0.606337 0.424835
vt 0.624437 0.422428
vt 0.390715 0.437500
vt 0.371732 0.434221
vt 0.409508 0.440455
vt 0.428050 0.442955
vt 0.446306 0.444901
vt 0.464332 0.446279
vt 0.482204 0.447099
vt 0.500000 0.447371
vt 0.517796 0.447099
vt 0.535668 0.446279
vt 0.553694 0.444901
vt 0.571950 0.442956
vt 0.590492 0.440455
vt 0.609285 0.437500
vt 0.628268 0.434221
vt 0.387819 0.450219
vt 0.367597 0.445710
vt 0.407521 0.454060
vt 0.426704 0.457157
vt 0.445433 0.459501
vt 0.463815 0.461125
vt 0.481965 0.462070
vt 0.500000 0.462375
vt 0.518035 0.462070
vt 0.536185 0.461125
vt 0.554567 0.459501
vt 0.573296 0.457157
vt 0.592479 0.454060
vt 0.612181 0.450219
vt 0.632403 0.445710
vt 0.385481 0.463500
vt 0.363566 0.457424
vt 0.406084 0.468226
vt 0.425764 0.471790
vt 0.444831 0.474423
vt 0.463463 0.476222
vt 0.481804 0.477254
vt 0.500000 0.477583
vt 0.518196 0.477254
vt 0.536537 0.476222
vt 0.555169 0.474423
vt 0.574236 0.471790
vt 0.593916 0.468226
vt 0.614519 0.463500
vt 0.636434 0.457424
vt 0.374990 0.265615
vt 0.625010 0.265615
vt 0.625081 0.281169
vt 0.625275 0.296600
vt 0.625651 0.311849
vt 0.626272 0.326853
vt 0.627197 0.341553
vt 0.628489 0.355886
vt 0.630208 0.369792
vt 0.632416 0.383209
vt 0.635173 0.396078
vt 0.638540 0.408335
vt 0.642578 0.419922
vt 0.647349 0.430776
vt 0.652913 0.440837
vt 0.659332 0.450043
vt 0.340668 0.450043
vt 0.347087 0.440837
vt 0.352651 0.430776
vt 0.357422 0.419922
vt 0.361460 0.408335
vt 0.364828 0.396078
vt 0.367584 0.383209
vt 0.369792 0.369792
vt 0.371511 0.355886
vt 0.372803 0.341553
vt 0.373728 0.326853
vt 0.374349 0.311849
vt 0.374725 0.296600
vt 0.374919 0.281169
vn 0.5451 0.6370 -0.5451
vn 0.4864 0.6685 -0.5626
vn 0.4987 0.7089 -0.4987
vn 0.5626 0.6685 -0.4864
vn 0.4195 0.6969 -0.5816
vn 0.4281 0.7436 -0.5136
vn 0.3448 0.7221 -0.5997
vn 0.3510 0.7729 -0.5286
vn 0.2640 0.7428 -0.6153
vn 0.2683 0.7965 -0.5419
vn 0.1785 0.7581 -0.6272
vn 0.1813 0.8137 -0.5522
vn 0.0900 0.7675 -0.6346
vn 0.0914 0.8242 -0.5588
vn 0.0000 0.7707 -0.6372
vn 0.0000 0.8277 -0.5611
vn -0.0900 0.7675 -0.6346
vn -0.0914 0.8242 -0.5588
vn -0.1785 0.7581 -0.6272
vn -0.1813 0.8137 -0.5522
vn -0.2640 0.7428 -0.6153
vn -0.2683 0.7965 -0.5419
vn -0.3448 0.7221 -0.5997
vn -0.3510 0.7729 -0.5286
vn -0.4195 0.6969 -0.5816
vn -0.4281 0.7436 -0.5136
vn -0.4864 0.6685 -0.5626
vn -0.4987 0.7089 -0.4987
vn -0.5451 0.6370 -0.5451
vn -0.5626 0.6685 -0.4864
vn 0.5136 0.7436 -0.4281
vn 0.5816 0.6969 -0.4195
vn 0.4394 0.7834 -0.4394
vn 0.3595 0.8166 -0.4515
vn 0.2744 0.8431 -0.4625
vn 0.1852 0.8623 -0.4712
vn 0.0933 0.8739 -0.4769
vn 0.0000 0.8778 -0.4790
vn -0.0933 0.8739 -0.4769
vn -0.1852 0.8623 -0.4712
vn -0.2744 0.8431 -0.4625
vn -0.3595 0.8166 -0.4515
vn -0.4394 0.7834 -0.4394
vn -0.5136 0.7436 -0.4281
vn -0.5816 0.6969 -0.4195
vn 0.5286 0.7729 -0.3510
vn 0.5997 0.7221 -0.3448
vn 0.4515 0.8166 -0.3595
vn 0.3688 0.8532 -0.3688
vn 0.2813 0.8822 -0.3775
vn 0.1897 0.9033 -0.3847
vn 0.0955 0.9161 -0.3894
vn 0.0000 0.9203 -0.3912
vn -0.0955 0.9161 -0.3894
vn -0.1897 0.9033 -0.3847
vn -0.2813 0.8822 -0.3775
vn -0.3688 0.8532 -0.3688
vn -0.4515 0.8166 -0.3595
vn -0.5286 0.7729 -0.3510
vn -0.5997 0.7221 -0.3448
vn 0.5419 0.7965 -0.2683
vn 0.6153 0.7428 -0.2640
vn 0.4625 0.8431 -0.2744
vn 0.3775 0.8822 -0.2812
vn 0.2878 0.9134 -0.2878
vn 0.1941 0.9361 -0.2933
vn 0.0977 0.9499 -0.2969
vn 0.0000 0.9545 -0.2983
vn -0.0977 0.9499 -0.2969
vn -0.1941 0.9361 -0.2933
vn -0.2878 0.9134 -0.2878
vn -0.3775 0.8822 -0.2813
vn -0.4625 0.8431 -0.2744
vn -0.5419 0.7965 -0.2683
vn -0.6153 0.7428 -0.2640
vn 0.5522 0.8137 -0.1813
vn 0.6272 0.7581 -0.1785
vn 0.4712 0.8623 -0.1853
vn 0.3847 0.9033 -0.1897
vn 0.2933 0.9361 -0.1941
vn 0.1978 0.9601 -0.1978
vn 0.0996 0.9746 -0.2004
vn 0.0000 0.9795 -0.2013
vn -0.0996 0.9746 -0.2004
vn -0.1978 0.9601 -0.1978
vn -0.2933 0.9361 -0.1941
vn -0.3847 0.9033 -0.1897
vn -0.4712 0.8623 -0.1852
vn -0.5522 0.8137 -0.1813
vn -0.6272 0.7581 -0.1785
vn 0.5588 0.8242 -0.0914
vn 0.6346 0.7675 -0.0900
vn 0.4769 0.8739 -0.0933
vn 0.3894 0.9161 -0.0955
vn 0.2969 0.9499 -0.0977
vn 0.2004 0.9746 -0.0996
vn 0.1009 0.9897 -0.1009
vn 0.0000 0.9948 -0.1014
vn -0.1009 0.9897 -0.1009
vn -0.2004 0.9746 -0.0996
vn -0.2969 0.9499 -0.0977
vn -0.3894 0.9161 -0.0955
vn -0.4769 0.8739 -0.0933
vn -0.5588 0.8242 -0.0914
vn -0.6346 0.7675 -0.0900
vn 0.5611 0.8277 0.0000
vn 0.6372 0.7707 0.0000
vn 0.4790 0.8778 0.0000
vn 0.3912 0.9203 0.0000
vn 0.2983 0.9545 0.0000
vn 0.2013 0.9795 0.0000
vn 0.1014 0.9948 0.0000
vn 0.0000 1.0000 0.0000
vn -0.1014 0.9948 0.0000
vn -0.2013 0.9795 0.0000
vn -0.2983 0.9545 0.0000
vn -0.3912 0.9203 0.0000
vn -0.4790 0.8778 0.0000
vn -0.5611 0.8277 0.0000
vn -0.6372 0.7707 0.0000
vn 0.5588 0.8242 0.0914
vn 0.6346 0.7675 0.0900
vn 0.4769 0.8739 0.0933
vn 0.3894 0.9161 0.0955
vn 0.2969 0.9499 0.0977
vn 0.2004 0.9746 0.0996
vn 0.1009 0.9897 0.1009
vn 0.0000 0.9948 0.1014
vn -0.1009 0.9897 0.1009
vn -0.2004 0.9746 0.0996
vn -0.2969 0.9499 0.0977
vn -0.3894 0.9161 0.0955
vn -0.4769 0.8739 0.0933
vn -0.5588 0.8242 0.0914
vn -0.6346 0.7675 0.0900
vn 0.5522 0.8137 0.1813
vn 0.6272 0.7581 0.1785
vn 0.4712 0.8623 0.1852
vn 0.3847 0.9033 0.1897
vn 0.2933 0.9361 0.1941
vn 0.1978 0.9601 0.1978
vn 0.0996 0.9746 0.2004
vn 0.0000 0.9795 0.2013
vn -0.0996 0.9746 0.2004
vn -0.1978 0.9601 0.1978
vn -0.2933 0.9361 0.1941
vn -0.3847 0.9033 0.1897
vn -0.4712 0.8623 0.1852
vn -0.5522 0.8137 0.1813
vn -0.6272 0.7581 0.1785
vn 0.5419 0.7965 0.2683
vn 0.6153 0.7428 0.2640
vn 0.4625 0.8431 0.2744
vn 0.3775 0.8822 0.2813
vn 0.2878 0.9134 0.2878
vn 0.1941 0.9361 0.2933
vn 0.0977 0.9499 0.2969
vn 0.0000 0.9545 0.2983
vn -0.0977 0.9499 0.2969
vn -0.1941 0.9361 0.2933
vn -0.2878 0.9134 0.2878
vn -0.3775 0.8822 0.2813
vn -0.4625 0.8431 0.2744
vn -0.5419 0.7965 0.2683
vn -0.6153 0.7428 0.2640
vn 0.5286 0.7729 0.3510
vn 0.5997 0.7221 0.3448
vn 0.4515 0.8166 0.3595
vn 0.3688 0.8532 0.3688
vn 0.2813 0.8822 0.3775
vn 0.1897 0.9033 0.3847
vn 0.0955 0.9161 0.3894
vn 0.0000 0.9203 0.3912
vn -0.0955 0.9161 0.3894
vn -0.1897 0.9033 0.3847
vn -0.2813 0.8822 0.3775
vn -0.3688 0.8532 0.3688
vn -0.4515 0.8166 0.3595
vn -0.5286 0.7729 0.3510
vn -0.5997 0.7221 0.3448
vn 0.5136 0.7436 0.4281
vn 0.5816 0.6969 0.4195
vn 0.4394 0.7834 0.4394
vn 0.3595 0.8166 0.4515
vn 0.2744 0.8431 0.4625
vn 0.1852 0.8623 0.4712
vn 0.0933 0.8739 0.4769
vn 0.0000 0.8778 0.4790
vn -0.0933 0.8739 0.4769
vn -0.1853 0.8623 0.4712
vn -0.2744 0.8431 0.4625
vn -0.3595 0.8166 0.4515
vn -0.4394 0.7834 0.4394
vn -0.5136 0.7436 0.4281
vn -0.5816 0.6969 0.4195
vn 0.4987 0.7089 0.4987
vn 0.5626 0.6685 0.4864
vn 0.4281 0.7436 0.5136
vn 0.3510 0.7729 0.5286
vn 0.2683 0.7965 0.5419
vn 0.1813 0.8137 0.5522
vn 0.0914 0.8242 0.5588
vn 0.0000 0.8277 0.5611
vn -0.0914 0.8242 0.5588
vn -0.1813 0.8137 0.5522
vn -0.2683 0.7965 0.5419
vn -0.3510 0.7729 0.5286
vn -0.4281 0.7436 0.5136
vn -0.4987 0.7089 0.4987
vn -0.5626 0.6685 0.4864
vn 0.4864 0.6685 0.5626
vn 0.5451 0.6370 0.5451
vn 0.4195 0.6969 0.5816
vn 0.3448 0.7221 0.5997
vn 0.2640 0.7428 0.6153
vn 0.1785 0.7581 0.6272
vn 0.0900 0.7675 0.6346
vn 0.0000 0.7707 0.6372
vn -0.0900 0.7675 0.6346
vn -0.1785 0.7581 0.6272
vn -0.2640 0.7428 0.6153
vn -0.3448 0.7221 0.5997
vn -0.4195 0.6969 0.5816
vn -0.4864 0.6685 0.5626
vn -0.5451 0.6370 0.5451
vn 0.5773 0.5773 -0.5773
vn 0.5346 0.5976 -0.5976
vn 0.5976 0.5976 -0.5346
vn 0.4812 0.6199 -0.6199
vn 0.4162 0.6430 -0.6430
vn 0.3424 0.6643 -0.6643
vn 0.2623 0.6823 -0.6823
vn 0.1774 0.6959 -0.6959
vn 0.0895 0.7042 -0.7042
vn 0.0000 0.7071 -0.7071
vn -0.0895 0.7042 -0.7042
vn -0.1774 0.6959 -0.6959
vn -0.2623 0.6823 -0.6823
vn -0.3424 0.6643 -0.6643
vn -0.4162 0.6430 -0.6430
vn -0.4812 0.6199 -0.6199
vn -0.5346 0.5976 -0.5976
vn -0.5773 0.5773 -0.5773
vn -0.5976 0.5976 -0.5346
vn -0.6199 0.6199 -0.4812
vn -0.6430 0.6430 -0.4162
vn -0.6643 0.6643 -0.3424
vn -0.6823 0.6823 -0.2623
vn -0.6959 0.6959 -0.1774
vn -0.7042 0.7042 -0.0895
vn -0.7071 0.7071 0.0000
vn -0.7042 0.7042 0.0895
vn -0.6959 0.6959 0.1774
vn -0.6823 0.6823 0.2623
vn -0.6643 0.6643 0.3424
vn -0.6430 0.6430 0.4162
vn -0.6199 0.6199 0.4812
vn -0.5976 0.5976 0.5346
vn -0.5773 0.5773 0.5773
vn -0.5346 0.5976 0.5976
vn -0.4812 0.6199 0.6199
vn -0.4162 0.6430 0.6430
vn -0.3424 0.6643 0.6643
vn -0.2623 0.6823 0.6823
vn -0.1774 0.6959 0.6959
vn -0.0895 0.7042 0.7042
vn 0.0000 0.7071 0.7071
vn 0.0895 0.7042 0.7042
vn 0.1774 0.6959 0.6959
vn 0.2623 0.6823 0.6823
vn 0.3424 0.6643 0.6643
vn 0.4162 0.6430 0.6430
vn 0.4812 0.6199 0.6199
vn 0.5346 0.5976 0.5976
vn 0.5976 0.5976 0.5346
vn 0.5773 0.5773 0.5773
vn 0.6199 0.6199 0.4812
vn 0.6430 0.6430 0.4162
vn 0.6643 0.6643 0.3424
vn 0.6823 0.6823 0.2623
vn 0.6959 0.6959 0.1774
vn 0.7042 0.7042 0.0895
vn 0.7071 0.7071 0.0000
vn 0.7042 0.7042 -0.0895
vn 0.6959 0.6959 -0.1774
vn 0.6823 0.6823 -0.2623
vn 0.6643 0.6643 -0.3424
vn 0.6430 0.6430 -0.4162
vn 0.6199 0.6199 -0.4812
vn 0.5451 -0.5451 0.6370
vn 0.5626 -0.4864 0.6685
vn 0.4987 -0.4987 0.7089
vn 0.4864 -0.5626 0.6685
vn 0.5816 -0.4195 0.6969
vn 0.5136 -0.4281 0.7436
vn 0.5997 -0.3448 0.7221
vn 0.5286 -0.3510 0.7729
vn 0.6153 -0.2640 0.7428
vn 0.5419 -0.2683 0.7965
vn 0.6272 -0.1785 0.7581
vn 0.5522 -0.1813 0.8137
vn 0.6346 -0.0900 0.7675
vn 0.5588 -0.0914 0.8242
vn 0.6372 0.0000 0.7707
vn 0.5611 0.0000 0.8277
vn 0.6346 0.0900 0.7675
vn 0.5588 0.0914 0.8242
vn 0.6272 0.1785 0.7581
vn 0.5522 0.1813 0.8137
vn 0.6153 0.2640 0.7428
vn 0.5419 0.2683 0.7965
vn 0.5997 0.3448 0.7221
vn 0.5286 0.3510 0.7729
vn 0.5816 0.4195 0.6969
vn 0.5136 0.4281 0.7436
vn 0.5626 0.4864 0.6685
vn 0.4987 0.4987 0.7089
vn 0.5451 0.5451 0.6370
vn 0.4864 0.5626 0.6685
vn 0.4281 -0.5136 0.7436
vn 0.4195 -0.5816 0.6969
vn 0.4394 -0.4394 0.7834
vn 0.4515 -0.3595 0.8166
vn 0.4625 -0.2744 0.8431
vn 0.4712 -0.1852 0.8623
vn 0.4769 -0.0933 0.8739
vn 0.4790 0.0000 0.8778
vn 0.4769 0.0933 0.8739
vn 0.4712 0.1852 0.8623
vn 0.4625 0.2744 0.8431
vn 0.4515 0.3595 0.8166
vn 0.4394 0.4394 0.7834
vn 0.4281 0.5136 0.7436
vn 0.4195 0.5816 0.6969
vn 0.3510 -0.5286 0.7729
vn 0.3448 -0.5997 0.7221
vn 0.3595 -0.4515 0.8166
vn 0.3688 -0.3688 0.8532
vn 0.3775 -0.2813 0.8822
vn 0.3847 -0.1897 0.9033
vn 0.3894 -0.0955 0.9161
vn 0.3912 0.0000 0.9203
vn 0.3894 0.0955 0.9161
vn 0.3847 0.1897 0.9033
vn 0.3775 0.2813 0.8822
vn 0.3688 0.3688 0.8532
vn 0.3595 0.4515 0.8166
vn 0.3510 0.5286 0.7729
vn 0.3448 0.5997 0.7221
vn 0.2683 -0.5419 0.7965
vn 0.2640 -0.6153 0.7428
vn 0.2744 -0.4625 0.8431
vn 0.2813 -0.3775 0.8822
vn 0.2878 -0.2878 0.9134
vn 0.2933 -0.1941 0.9361
vn 0.2969 -0.0977 0.9499
vn 0.2983 0.0000 0.9545
vn 0.2969 0.0977 0.9499
vn 0.2933 0.1941 0.9361
vn 0.2878 0.2878 0.9134
vn 0.2813 0.3775 0.8822
vn 0.2744 0.4625 0.8431
vn 0.2683 0.5419 0.7965
vn 0.2640 0.6153 0.7428
vn 0.1813 -0.5522 0.8137
vn 0.1785 -0.6272 0.7581
vn 0.1852 -0.4712 0.8623
vn 0.1897 -0.3847 0.9033
vn 0.1941 -0.2933 0.9361
vn 0.1978 -0.1978 0.9601
vn 0.2004 -0.0996 0.9746
vn 0.2013 0.0000 0.9795
vn 0.2004 0.0996 0.9746
vn 0.1978 0.1978 0.9601
vn 0.1941 0.2933 0.9361
vn 0.1897 0.3847 0.9033
vn 0.1853 0.4712 0.8623
vn 0.1813 0.5522 0.8137
vn 0.1785 0.6272 0.7581
vn 0.0914 -0.5588 0.8242
vn 0.0900 -0.6346 0.7675
vn 0.0933 -0.4769 0.8739
vn 0.0955 -0.3894 0.9161
vn 0.0977 -0.2969 0.9499
vn 0.0996 -0.2004 0.9746
vn 0.1009 -0.1009 0.9897
vn 0.1014 0.0000 0.9948
vn 0.1009 0.1009 0.9897
vn 0.0996 0.2004 0.9746
vn 0.0977 0.2969 0.9499
vn 0.0955 0.3894 0.9161
vn 0.0933 0.4769 0.8739
vn 0.0914 0.5588 0.8242
vn 0.0900 0.6346 0.7675
vn 0.0000 -0.5611 0.8277
vn 0.0000 -0.6372 0.7707
vn 0.0000 -0.4790 0.8778
vn 0.0000 -0.3912 0.9203
vn 0.0000 -0.2983 0.9545
vn 0.0000 -0.2013 0.9795
vn 0.0000 -0.1014 0.9948
vn 0.0000 0.0000 1.0000
vn 0.0000 0.1014 0.9948
vn 0.0000 0.2013 0.9795
vn 0.0000 0.2983 0.9545
vn 0.0000 0.3912 0.9203
vn 0.0000 0.4790 0.8778
vn 0.0000 0.5611 0.8277
vn 0.0000 0.6372 0.7707
vn -0.0914 -0.5588 0.8242
vn -0.0900 -0.6346 0.7675
vn -0.0933 -0.4769 0.8739
vn -0.0955 -0.3894 0.9161
vn -0.0977 -0.2969 0.9499
vn -0.0996 -0.2004 0.9746
vn -0.1009 -0.1009 0.9897
vn -0.1014 0.0000 0.9948
vn -0.1009 0.1009 0.9897
vn -0.0996 0.2004 0.9746
vn -0.0977 0.2969 0.9499
vn -0.0955 0.3894 0.9161
vn -0.0933 0.4769 0.8739
vn -0.0914 0.5588 0.8242
vn -0.0900 0.6346 0.7675
vn -0.1813 -0.5522 0.8137
vn -0.1785 -0.6272 0.7581
vn -0.1852 -0.4712 0.8623
vn -0.1897 -0.3847 0.9033
vn -0.1941 -0.2933 0.9361
vn -0.1978 -0.1978 0.9601
vn -0.2004 -0.0996 0.9746
vn -0.2013 0.0000 0.9795
vn -0.2004 0.0996 0.9746
vn -0.1978 0.1978 0.9601
vn -0.1941 0.2933 0.9361
vn -0.1897 0.3847 0.9033
vn -0.1852 0.4712 0.8623
vn -0.1813 0.5522 0.8137
vn -0.1785 0.6272 0.7581
vn -0.2683 -0.5419 0.7965
vn -0.2640 -0.6153 0.7428
vn -0.2744 -0.4625 0.8431
vn -0.2813 -0.3775 0.8822
vn -0.2878 -0.2878 0.9134
vn -0.2933 -0.1941 0.9361
vn -0.2969 -0.0977 0.9499
vn -0.2983 0.0000 0.9545
vn -0.2969 0.0977 0.9499
vn -0.2933 0.1941 0.9361
vn -0.2878 0.2878 0.9134
vn -0.2813 0.3775 0.8822
vn -0.2744 0.4625 0.8431
vn -0.2683 0.5419 0.7965
vn -0.2640 0.6153 0.7428
vn -0.3510 -0.5286 0.7729
vn -0.3448 -0.5997 0.7221
vn -0.3595 -0.4515 0.8166
vn -0.3688 -0.3688 0.8532
vn -0.3775 -0.2813 0.8822
vn -0.3847 -0.1897 0.9033
vn -0.3894 -0.0955 0.9161
vn -0.3912 0.0000 0.9203
vn -0.3894 0.0955 0.9161
vn -0.3847 0.1897 0.9033
vn -0.3775 0.2813 0.8822
vn -0.3688 0.3688 0.8532
vn -0.3595 0.4515 0.8166
vn -0.3510 0.5286 0.7729
vn -0.3448 0.5997 0.7221
vn -0.4281 -0.5136 0.7436
vn -0.4195 -0.5816 0.6969
vn -0.4394 -0.4394 0.7834
vn -0.4515 -0.3595 0.8166
vn -0.4625 -0.2744 0.8431
vn -0.4712 -0.1852 0.8623
vn -0.4769 -0.0933 0.8739
vn -0.4790 0.0000 0.8778
vn -0.4769 0.0933 0.8739
vn -0.4712 0.1852 0.8623
vn -0.4625 0.2744 0.8431
vn -0.4515 0.3595 0.8166
vn -0.4394 0.4394 0.7834
vn -0.4281 0.5136 0.7436
vn -0.4195 0.5816 0.6969
vn -0.4987 -0.4987 0.7089
vn -0.4864 -0.5626 0.6685
vn -0.5136 -0.4281 0.7436
vn -0.5286 -0.3510 0.7729
vn -0.5419 -0.2683 0.7965
vn -0.5522 -0.1813 0.8137
vn -0.5588 -0.0914 0.8242
vn -0.5611 0.0000 0.8277
vn -0.5588 0.0914 0.8242
vn -0.5522 0.1813 0.8137
vn -0.5419 0.2683 0.7965
vn -0.5286 0.3510 0.7729
vn -0.5136 0.4281 0.7436
vn -0.4987 0.4987 0.7089
vn -0.4864 0.5626 0.6685
vn -0.5626 -0.4864 0.6685
vn -0.5451 -0.5451 0.6370
vn -0.5816 -0.4195 0.6969
vn -0.5997 -0.3448 0.7221
vn -0.6153 -0.2640 0.7428
vn -0.6272 -0.1785 0.7581
vn -0.6346 -0.0900 0.7675
vn -0.6372 0.0000 0.7707
vn -0.6346 0.0900 0.7675
vn -0.6272 0.1785 0.7581
vn -0.6153 0.2640 0.7428
vn -0.5997 0.3448 0.7221
vn -0.5816 0.4195 0.6969
vn -0.5626 0.4864 0.6685
vn -0.5451 0.5451 0.6370
vn 0.5773 -0.5773 0.5773
vn 0.5976 -0.5346 0.5976
vn 0.5346 -0.5976 0.5976
vn 0.6199 -0.4812 0.6199
vn 0.6430 -0.4162 0.6430
vn 0.6643 -0.3424 0.6643
vn 0.6823 -0.2623 0.6823
vn 0.6959 -0.1774 0.6959
vn 0.7042 -0.0895 0.7042
vn 0.7071 0.0000 0.7071
vn 0.7042 0.0895 0.7042
vn 0.6959 0.1774 0.6959
vn 0.6823 0.2623 0.6823
vn 0.6643 0.3424 0.6643
vn 0.6430 0.4162 0.6430
vn 0.6199 0.4812 0.6199
vn 0.5976 0.5346 0.5976
vn -0.5976 0.5346 0.5976
vn -0.6199 0.4812 0.6199
vn -0.6430 0.4162 0.6430
vn -0.6643 0.3424 0.6643
vn -0.6823 0.2623 0.6823
vn -0.6959 0.1774 0.6959
vn -0.7042 0.0895 0.7042
vn -0.7071 0.0000 0.7071
vn -0.7042 -0.0895 0.7042
vn -0.6959 -0.1774 0.6959
vn -0.6823 -0.2623 0.6823
vn -0.6643 -0.3424 0.6643
vn -0.6430 -0.4162 0.6430
vn -0.6199 -0.4812 0.6199
vn -0.5976 -0.5346 0.5976
vn -0.5346 -0.5976 0.5976
vn -0.5773 -0.5773 0.5773
vn -0.4812 -0.6199 0.6199
vn -0.4162 -0.6430 0.6430
vn -0.3424 -0.6643 0.6643
vn -0.2623 -0.6823 0.6823
vn -0.1774 -0.6959 0.6959
vn -0.0895 -0.7042 0.7042
vn 0.0000 -0.7071 0.7071
vn 0.0895 -0.7042 0.7042
vn 0.1774 -0.6959 0.6959
vn 0.2623 -0.6823 0.6823
vn 0.3424 -0.6643 0.6643
vn 0.4162 -0.6430 0.6430
vn 0.4812 -0.6199 0.6199
vn -0.6370 -0.5451 0.5451
vn -0.6685 -0.4864 0.5626
vn -0.7089 -0.4987 0.4987
vn -0.6685 -0.5626 0.4864
vn -0.6969 -0.4195 0.5816
vn -0.7436 -0.4281 0.5136
vn -0.7221 -0.3448 0.5997
vn -0.7729 -0.3510 0.5286
vn -0.7428 -0.2640 0.6153
vn -0.7965 -0.2683 0.5419
vn -0.7581 -0.1785 0.6272
vn -0.8137 -0.1813 0.5522
vn -0.7675 -0.0900 0.6346
vn -0.8242 -0.0914 0.5588
vn -0.7707 0.0000 0.6372
vn -0.8277 0.0000 0.5611
vn -0.7675 0.0900 0.6346
vn -0.8242 0.0914 0.5588
vn -0.7581 0.1785 0.6272
vn -0.8137 0.1813 0.5522
vn -0.7428 0.2640 0.6153
vn -0.7965 0.2683 0.5419
vn -0.7221 0.3448 0.5997
vn -0.7729 0.3510 0.5286
vn -0.6969 0.4195 0.5816
vn -0.7436 0.4281 0.5136
vn -0.6685 0.4864 0.5626
vn -0.7089 0.4987 0.4987
vn -0.6370 0.5451 0.5451
vn -0.6685 0.5626 0.4864
vn -0.7436 -0.5136 0.4281
vn -0.6969 -0.5816 0.4195
vn -0.7834 -0.4394 0.4394
vn -0.8166 -0.3595 0.4515
vn -0.8431 -0.2744 0.4625
vn -0.8623 -0.1852 0.4712
vn -0.8739 -0.0933 0.4769
vn -0.8778 0.0000 0.4790
vn -0.8739 0.0933 0.4769
vn -0.8623 0.1852 0.4712
vn -0.8431 0.2744 0.4625
vn -0.8166 0.3595 0.4515
vn -0.7834 0.4394 0.4394
vn -0.7436 0.5136 0.4281
vn -0.6969 0.5816 0.4195
vn -0.7729 -0.5286 0.3510
vn -0.7221 -0.5997 0.3448
vn -0.8166 -0.4515 0.3595
vn -0.8532 -0.3688 0.3688
vn -0.8822 -0.2813 0.3775
vn -0.9033 -0.1897 0.3847
vn -0.9161 -0.0955 0.3894
vn -0.9203 0.0000 0.3912
vn -0.9161 0.0955 0.3894
vn -0.9033 0.1897 0.3847
vn -0.8822 0.2812 0.3775
vn -0.8532 0.3688 0.3688
vn -0.8166 0.4515 0.3595
vn -0.7729 0.5286 0.3510
vn -0.7221 0.5997 0.3448
vn -0.7965 -0.5419 0.2683
vn -0.7428 -0.6153 0.2640
vn -0.8431 -0.4625 0.2744
vn -0.8822 -0.3775 0.2812
vn -0.9134 -0.2878 0.2878
vn -0.9361 -0.1941 0.2933
vn -0.9499 -0.0977 0.2969
vn -0.9545 0.0000 0.2983
vn -0.9499 0.0977 0.2969
vn -0.9361 0.1941 0.2933
vn -0.9134 0.2878 0.2878
vn -0.8822 0.3775 0.2813
vn -0.8431 0.4625 0.2744
vn -0.7965 0.5419 0.2683
vn -0.7428 0.6153 0.2640
vn -0.8137 -0.5522 0.1813
vn -0.7581 -0.6272 0.1785
vn -0.8623 -0.4712 0.1852
vn -0.9033 -0.3847 0.1897
vn -0.9361 -0.2933 0.1941
vn -0.9601 -0.1978 0.1978
vn -0.9746 -0.0996 0.2004
vn -0.9795 0.0000 0.2013
vn -0.9746 0.0996 0.2004
vn -0.9601 0.1978 0.1978
vn -0.9361 0.2933 0.1941
vn -0.9033 0.3847 0.1897
vn -0.8623 0.4712 0.1852
vn -0.8137 0.5522 0.1813
vn -0.7581 0.6272 0.1785
vn -0.8242 -0.5588 0.0914
vn -0.7675 -0.6346 0.0900
vn -0.8739 -0.4769 0.0933
vn -0.9161 -0.3894 0.0955
vn -0.9499 -0.2969 0.0977
vn -0.9746 -0.2004 0.0996
vn -0.9897 -0.1009 0.1009
vn -0.9948 0.0000 0.1014
vn -0.9897 0.1009 0.1009
vn -0.9746 0.2004 0.0996
vn -0.9499 0.2969 0.0977
vn -0.9161 0.3894 0.0955
vn -0.8739 0.4769 0.0933
vn -0.8242 0.5588 0.0914
vn -0.7675 0.6346 0.0900
vn -0.8277 -0.5611 0.0000
vn -0.7707 -0.6372 0.0000
vn -0.8778 -0.4790 0.0000
vn -0.9203 -0.3912 0.0000
vn -0.9545 -0.2983 0.0000
vn -0.9795 -0.2013 0.0000
vn -0.9948 -0.1014 0.0000
vn -1.0000 0.0000 0.0000
vn -0.9948 0.1014 0.0000
vn -0.9795 0.2013 0.0000
vn -0.9545 0.2983 0.0000
vn -0.9203 0.3912 0.0000
vn -0.8778 0.4790 0.0000
vn -0.8277 0.5611 0.0000
vn -0.7707 0.6372 0.0000
vn -0.8242 -0.5588 -0.0914
vn -0.7675 -0.6346 -0.0900
vn -0.8739 -0.4769 -0.0933
vn -0.9161 -0.3894 -0.0955
vn -0.9499 -0.2969 -0.0977
vn -0.9746 -0.2004 -0.0996
vn -0.9897 -0.1009 -0.1009
vn -0.9948 0.0000 -0.1014
vn -0.9897 0.1009 -0.1009
vn -0.9746 0.2004 -0.0996
vn -0.9499 0.2969 -0.0977
vn -0.9161 0.3894 -0.0955
vn -0.8739 0.4769 -0.0933
vn -0.8242 0.5588 -0.0914
vn -0.7675 0.6346 -0.0900
vn -0.8137 -0.5522 -0.1813
vn -0.7581 -0.6272 -0.1785
vn -0.8623 -0.4712 -0.1852
vn -0.9033 -0.3847 -0.1897
vn -0.9361 -0.2933 -0.1941
vn -0.9601 -0.1978 -0.1978
vn -0.9746 -0.0996 -0.2004
vn -0.9795 0.0000 -0.2013
vn -0.9746 0.0996 -0.2004
vn -0.9601 0.1978 -0.1978
vn -0.9361 0.2933 -0.1941
vn -0.9033 0.3847 -0.1897
vn -0.8623 0.4712 -0.1852
vn -0.8137 0.5522 -0.1813
vn -0.7581 0.6272 -0.1785
vn -0.7965 -0.5419 -0.2683
vn -0.7428 -0.6153 -0.2640
vn -0.8431 -0.4625 -0.2744
vn -0.8822 -0.3775 -0.2813
vn -0.9134 -0.2878 -0.2878
vn -0.9361 -0.1941 -0.2933
vn -0.9499 -0.0977 -0.2969
vn -0.9545 0.0000 -0.2983
vn -0.9499 0.0977 -0.2969
vn -0.9361 0.1941 -0.2933
vn -0.9134 0.2878 -0.2878
vn -0.8822 0.3775 -0.2812
vn -0.8431 0.4625 -0.2744
vn -0.7965 0.5419 -0.2683
vn -0.7428 0.6153 -0.2640
vn -0.7729 -0.5286 -0.3510
vn -0.7221 -0.5997 -0.3448
vn -0.8166 -0.4515 -0.3595
vn -0.8532 -0.3688 -0.3688
vn -0.8822 -0.2813 -0.3775
vn -0.9033 -0.1897 -0.3847
vn -0.9161 -0.0955 -0.3894
vn -0.9203 0.0000 -0.3912
vn -0.9161 0.0955 -0.3894
vn -0.9033 0.1897 -0.3847
vn -0.8822 0.2813 -0.3775
vn -0.8532 0.3688 -0.3688
vn -0.8166 0.4515 -0.3595
vn -0.7729 0.5286 -0.3510
vn -0.7221 0.5997 -0.3448
vn -0.7436 -0.5136 -0.4281
vn -0.6969 -0.5816 -0.4195
vn -0.7834 -0.4394 -0.4394
vn -0.8166 -0.3595 -0.4515
vn -0.8431 -0.2744 -0.4625
vn -0.8623 -0.1852 -0.4712
vn -0.8739 -0.0933 -0.4769
vn -0.8778 0.0000 -0.4790
vn -0.8739 0.0933 -0.4769
vn -0.8623 0.1852 -0.4712
vn -0.8431 0.2744 -0.4625
vn -0.8166 0.3595 -0.4515
vn -0.7834 0.4394 -0.4394
vn -0.7436 0.5136 -0.4281
vn -0.6969 0.5816 -0.4195
vn -0.7089 -0.4987 -0.4987
vn -0.6685 -0.5626 -0.4864
vn -0.7436 -0.4281 -0.5136
vn -0.7729 -0.3510 -0.5286
vn -0.7965 -0.2683 -0.5419
vn -0.8137 -0.1813 -0.5522
vn -0.8242 -0.0914 -0.5588
vn -0.8277 0.0000 -0.5611
vn -0.8242 0.0914 -0.5588
vn -0.8137 0.1813 -0.5522
vn -0.7965 0.2683 -0.5419
vn -0.7729 0.3510 -0.5286
vn -0.7436 0.4281 -0.5136
vn -0.7089 0.4987 -0.4987
vn -0.6685 0.5626 -0.4864
vn -0.6685 -0.4864 -0.5626
vn -0.6370 -0.5451 -0.5451
vn -0.6969 -0.4195 -0.5816
vn -0.7221 -0.3448 -0.5997
vn -0.7428 -0.2640 -0.6153
vn -0.7581 -0.1785 -0.6272
vn -0.7675 -0.0900 -0.6346
vn -0.7707 0.0000 -0.6372
vn -0.7675 0.0900 -0.6346
vn -0.7581 0.1785 -0.6272
vn -0.7428 0.2640 -0.6153
vn -0.7221 0.3448 -0.5997
vn -0.6969 0.4195 -0.5816
vn -0.6685 0.4864 -0.5626
vn -0.6370 0.5451 -0.5451
vn -0.5976 -0.5976 0.5346
vn -0.5976 0.5346 -0.5976
vn -0.6199 0.4812 -0.6199
vn -0.6430 0.4162 -0.6430
vn -0.6643 0.3424 -0.6643
vn -0.6823 0.2623 -0.6823
vn -0.6959 0.1774 -0.6959
vn -0.7042 0.0895 -0.7042
vn -0.7071 0.0000 -0.7071
vn -0.7042 -0.0895 -0.7042
vn -0.6959 -0.1774 -0.6959
vn -0.6823 -0.2623 -0.6823
vn -0.6643 -0.3424 -0.6643
vn -0.6430 -0.4162 -0.6430
vn -0.6199 -0.4812 -0.6199
vn -0.5976 -0.5346 -0.5976
vn -0.5976 -0.5976 -0.5346
vn -0.5773 -0.5773 -0.5773
vn -0.6199 -0.6199 -0.4812
vn -0.6430 -0.6430 -0.4162
vn -0.6643 -0.6643 -0.3424
vn -0.6823 -0.6823 -0.2623
vn -0.6959 -0.6959 -0.1774
vn -0.7042 -0.7042 -0.0895
vn -0.7071 -0.7071 0.0000
vn -0.7042 -0.7042 0.0895
vn -0.6959 -0.6959 0.1774
vn -0.6823 -0.6823 0.2623
vn -0.6643 -0.6643 0.3424
vn -0.6430 -0.6430 0.4162
vn -0.6199 -0.6199 0.4812
vn -0.5451 -0.6370 -0.5451
vn -0.4864 -0.6685 -0.5626
vn -0.4987 -0.7089 -0.4987
vn -0.5626 -0.6685 -0.4864
vn -0.4195 -0.6969 -0.5816
vn -0.4281 -0.7436 -0.5136
vn -0.3448 -0.7221 -0.5997
vn -0.3510 -0.7729 -0.5286
vn -0.2640 -0.7428 -0.6153
vn -0.2683 -0.7965 -0.5419
vn -0.1785 -0.7581 -0.6272
vn -0.1813 -0.8137 -0.5522
vn -0.0900 -0.7675 -0.6346
vn -0.0914 -0.8242 -0.5588
vn 0.0000 -0.7707 -0.6372
vn 0.0000 -0.8277 -0.5611
vn 0.0900 -0.7675 -0.6346
vn 0.0914 -0.8242 -0.5588
vn 0.1785 -0.7581 -0.6272
vn 0.1813 -0.8137 -0.5522
vn 0.2640 -0.7428 -0.6153
vn 0.2683 -0.7965 -0.5419
vn 0.3448 -0.7221 -0.5997
vn 0.3510 -0.7729 -0.5286
vn 0.4195 -0.6969 -0.5816
vn 0.4281 -0.7436 -0.5136
vn 0.4864 -0.6685 -0.5626
vn 0.4987 -0.7089 -0.4987
vn 0.5451 -0.6370 -0.5451
vn 0.5626 -0.6685 -0.4864
vn -0.5136 -0.7436 -0.4281
vn -0.5816 -0.6969 -0.4195
vn -0.4394 -0.7834 -0.4394
vn -0.3595 -0.8166 -0.4515
vn -0.2744 -0.8431 -0.4625
vn -0.1852 -0.8623 -0.4712
vn -0.0933 -0.8739 -0.4769
vn 0.0000 -0.8778 -0.4790
vn 0.0933 -0.8739 -0.4769
vn 0.1852 -0.8623 -0.4712
vn 0.2744 -0.8431 -0.4625
vn 0.3595 -0.8166 -0.4515
vn 0.4394 -0.7834 -0.4394
vn 0.5136 -0.7436 -0.4281
vn 0.5816 -0.6969 -0.4195
vn -0.5286 -0.7729 -0.3510
vn -0.5997 -0.7221 -0.3448
vn -0.4515 -0.8166 -0.3595
vn -0.3688 -0.8532 -0.3688
vn -0.2813 -0.8822 -0.3775
vn -0.1897 -0.9033 -0.3847
vn -0.0955 -0.9161 -0.3894
vn 0.0000 -0.9203 -0.3912
vn 0.0955 -0.9161 -0.3894
vn 0.1897 -0.9033 -0.3847
vn 0.2813 -0.8822 -0.3775
vn 0.3688 -0.8532 -0.3688
vn 0.4515 -0.8166 -0.3595
vn 0.5286 -0.7729 -0.3510
vn 0.5997 -0.7221 -0.3448
vn -0.5419 -0.7965 -0.2683
vn -0.6153 -0.7428 -0.2640
vn -0.4625 -0.8431 -0.2744
vn -0.3775 -0.8822 -0.2813
vn -0.2878 -0.9134 -0.2878
vn -0.1941 -0.9361 -0.2933
vn -0.0977 -0.9499 -0.2969
vn 0.0000 -0.9545 -0.2983
vn 0.0977 -0.9499 -0.2969
vn 0.1941 -0.9361 -0.2933
vn 0.2878 -0.9134 -0.2878
vn 0.3775 -0.8822 -0.2813
vn 0.4625 -0.8431 -0.2744
vn 0.5419 -0.7965 -0.2683
vn 0.6153 -0.7428 -0.2640
vn -0.5522 -0.8137 -0.1813
vn -0.6272 -0.7581 -0.1785
vn -0.4712 -0.8623 -0.1852
vn -0.3847 -0.9033 -0.1897
vn -0.2933 -0.9361 -0.1941
vn -0.1978 -0.9601 -0.1978
vn -0.0996 -0.9746 -0.2004
vn 0.0000 -0.9795 -0.2013
vn 0.0996 -0.9746 -0.2004
vn 0.1978 -0.9601 -0.1978
vn 0.2933 -0.9361 -0.1941
vn 0.3847 -0.9033 -0.1897
vn 0.4712 -0.8623 -0.1853
vn 0.5522 -0.8137 -0.1813
vn 0.6272 -0.7581 -0.1785
vn -0.5588 -0.8242 -0.0914
vn -0.6346 -0.7675 -0.0900
vn -0.4769 -0.8739 -0.0933
vn -0.3894 -0.9161 -0.0955
vn -0.2969 -0.9499 -0.0977
vn -0.2004 -0.9746 -0.0996
vn -0.1009 -0.9897 -0.1009
vn 0.0000 -0.9948 -0.1014
vn 0.1009 -0.9897 -0.1009
vn 0.2004 -0.9746 -0.0996
vn 0.2969 -0.9499 -0.0977
vn 0.3894 -0.9161 -0.0955
vn 0.4769 -0.8739 -0.0933
vn 0.5588 -0.8242 -0.0914
vn 0.6346 -0.7675 -0.0900
vn -0.5611 -0.8277 0.0000
vn -0.6372 -0.7707 0.0000
vn -0.4790 -0.8778 0.0000
vn -0.3912 -0.9203 0.0000
vn -0.2983 -0.9545 0.0000
vn -0.2013 -0.9795 0.0000
vn -0.1014 -0.9948 0.0000
vn 0.0000 -1.0000 0.0000
vn 0.1014 -0.9948 0.0000
vn 0.2013 -0.9795 0.0000
vn 0.2983 -0.9545 0.0000
vn 0.3912 -0.9203 0.0000
vn 0.4790 -0.8778 0.0000
vn 0.5611 -0.8277 0.0000
vn 0.6372 -0.7707 0.0000
vn -0.5588 -0.8242 0.0914
vn -0.6346 -0.7675 0.0900
vn -0.4769 -0.8739 0.0933
vn -0.3894 -0.9161 0.0955
vn -0.2969 -0.9499 0.0977
vn -0.2004 -0.9746 0.0996
vn -0.1009 -0.9897 0.1009
vn 0.0000 -0.9948 0.1014
vn 0.1009 -0.9897 0.1009
vn 0.2004 -0.9746 0.0996
vn 0.2969 -0.9499 0.0977
vn 0.3894 -0.9161 0.0955
vn 0.4769 -0.8739 0.0933
vn 0.5588 -0.8242 0.0914
vn 0.6346 -0.7675 0.0900
vn -0.5522 -0.8137 0.1813
vn -0.6272 -0.7581 0.1785
vn -0.4712 -0.8623 0.1852
vn -0.3847 -0.9033 0.1897
vn -0.2933 -0.9361 0.1941
vn -0.1978 -0.9601 0.1978
vn -0.0996 -0.9746 0.2004
vn 0.0000 -0.9795 0.2013
vn 0.0996 -0.9746 0.2004
vn 0.1978 -0.9601 0.1978
vn 0.2933 -0.9361 0.1941
vn 0.3847 -0.9033 0.1897
vn 0.4712 -0.8623 0.1852
vn 0.5522 -0.8137 0.1813
vn 0.6272 -0.7581 0.1785
vn -0.5419 -0.7965 0.2683
vn -0.6153 -0.7428 0.2640
vn -0.4625 -0.8431 0.2744
vn -0.3775 -0.8822 0.2813
vn -0.2878 -0.9134 0.2878
vn -0.1941 -0.9361 0.2933
vn -0.0977 -0.9499 0.2969
vn 0.0000 -0.9545 0.2983
vn 0.0977 -0.9499 0.2969
vn 0.1941 -0.9361 0.2933
vn 0.2878 -0.9134 0.2878
vn 0.3775 -0.8822 0.2813
vn 0.4625 -0.8431 0.2744
vn 0.5419 -0.7965 0.2683
vn 0.6153 -0.7428 0.2640
vn -0.5286 -0.7729 0.3510
vn -0.5997 -0.7221 0.3448
vn -0.4515 -0.8166 0.3595
vn -0.3688 -0.8532 0.3688
vn -0.2813 -0.8822 0.3775
vn -0.1897 -0.9033 0.3847
vn -0.0955 -0.9161 0.3894
vn 0.0000 -0.9203 0.3912
vn 0.0955 -0.9161 0.3894
vn 0.1897 -0.9033 0.3847
vn 0.2813 -0.8822 0.3775
vn 0.3688 -0.8532 0.3688
vn 0.4515 -0.8166 0.3595
vn 0.5286 -0.7729 0.3510
vn 0.5997 -0.7221 0.3448
vn -0.5136 -0.7436 0.4281
vn -0.5816 -0.6969 0.4195
vn -0.4394 -0.7834 0.4394
vn -0.3595 -0.8166 0.4515
vn -0.2744 -0.8431 0.4625
vn -0.1852 -0.8623 0.4712
vn -0.0933 -0.8739 0.4769
vn 0.0000 -0.8778 0.4790
vn 0.0933 -0.8739 0.4769
vn 0.1852 -0.8623 0.4712
vn 0.2744 -0.8431 0.4625
vn 0.3595 -0.8166 0.4515
vn 0.4394 -0.7834 0.4394
vn 0.5136 -0.7436 0.4281
vn 0.5816 -0.6969 0.4195
vn -0.4987 -0.7089 0.4987
vn -0.5626 -0.6685 0.4864
vn -0.4281 -0.7436 0.5136
vn -0.3510 -0.7729 0.5286
vn -0.2683 -0.7965 0.5419
vn -0.1813 -0.8137 0.5522
vn -0.0914 -0.8242 0.5588
vn 0.0000 -0.8277 0.5611
vn 0.0914 -0.8242 0.5588
vn 0.1813 -0.8137 0.5522
vn 0.2683 -0.7965 0.5419
vn 0.3510 -0.7729 0.5286
vn 0.4281 -0.7436 0.5136
vn 0.4987 -0.7089 0.4987
vn 0.5626 -0.6685 0.4864
vn -0.4864 -0.6685 0.5626
vn -0.5451 -0.6370 0.5451
vn -0.4195 -0.6969 0.5816
vn -0.3448 -0.7221 0.5997
vn -0.2640 -0.7428 0.6153
vn -0.1785 -0.7581 0.6272
vn -0.0900 -0.7675 0.6346
vn 0.0000 -0.7707 0.6372
vn 0.0900 -0.7675 0.6346
vn 0.1785 -0.7581 0.6272
vn 0.2640 -0.7428 0.6153
vn 0.3448 -0.7221 0.5997
vn 0.4195 -0.6969 0.5816
vn 0.4864 -0.6685 0.5626
vn 0.5451 -0.6370 0.5451
vn -0.5346 -0.5976 -0.5976
vn -0.4812 -0.6199 -0.6199
vn -0.4162 -0.6430 -0.6430
vn -0.3424 -0.6643 -0.6643
vn -0.2623 -0.6823 -0.6823
vn -0.1774 -0.6959 -0.6959
vn -0.0895 -0.7042 -0.7042
vn 0.0000 -0.7071 -0.7071
vn 0.0895 -0.7042 -0.7042
vn 0.1774 -0.6959 -0.6959
vn 0.2623 -0.6823 -0.6823
vn 0.3424 -0.6643 -0.6643
vn 0.4162 -0.6430 -0.6430
vn 0.4812 -0.6199 -0.6199
vn 0.5346 -0.5976 -0.5976
vn 0.5773 -0.5773 -0.5773
vn 0.5976 -0.5976 -0.5346
vn 0.6199 -0.6199 -0.4812
vn 0.6430 -0.6430 -0.4162
vn 0.6643 -0.6643 -0.3424
vn 0.6823 -0.6823 -0.2623
vn 0.6959 -0.6959 -0.1774
vn 0.7042 -0.7042 -0.0895
vn 0.7071 -0.7071 0.0000
vn 0.7042 -0.7042 0.0895
vn 0.6959 -0.6959 0.1774
vn 0.6823 -0.6823 0.2623
vn 0.6643 -0.6643 0.3424
vn 0.6430 -0.6430 0.4162
vn 0.6199 -0.6199 0.4812
vn 0.5976 -0.5976 0.5346
vn 0.6370 -0.5451 -0.5451
vn 0.6685 -0.4864 -0.5626
vn 0.7089 -0.4987 -0.4987
vn 0.6685 -0.5626 -0.4864
vn 0.6969 -0.4195 -0.5816
vn 0.7436 -0.4281 -0.5136
vn 0.7221 -0.3448 -0.5997
vn 0.7729 -0.3510 -0.5286
vn 0.7428 -0.2640 -0.6153
vn 0.7965 -0.2683 -0.5419
vn 0.7581 -0.1785 -0.6272
vn 0.8137 -0.1813 -0.5522
vn 0.7675 -0.0900 -0.6346
vn 0.8242 -0.0914 -0.5588
vn 0.7707 0.0000 -0.6372
vn 0.8277 0.0000 -0.5611
vn 0.7675 0.0900 -0.6346
vn 0.8242 0.0914 -0.5588
vn 0.7581 0.1785 -0.6272
vn 0.8137 0.1813 -0.5522
vn 0.7428 0.2640 -0.6153
vn 0.7965 0.2683 -0.5419
vn 0.7221 0.3448 -0.5997
vn 0.7729 0.3510 -0.5286
vn 0.6969 0.4195 -0.5816
vn 0.7436 0.4281 -0.5136
vn 0.6685 0.4864 -0.5626
vn 0.7089 0.4987 -0.4987
vn 0.6370 0.5451 -0.5451
vn 0.6685 0.5626 -0.4864
vn 0.7436 -0.5136 -0.4281
vn 0.6969 -0.5816 -0.4195
vn 0.7834 -0.4394 -0.4394
vn 0.8166 -0.3595 -0.4515
vn 0.8431 -0.2744 -0.4625
vn 0.8623 -0.1852 -0.4712
vn 0.8739 -0.0933 -0.4769
vn 0.8778 0.0000 -0.4790
vn 0.8739 0.0933 -0.4769
vn 0.8623 0.1852 -0.4712
vn 0.8431 0.2744 -0.4625
vn 0.8166 0.3595 -0.4515
vn 0.7834 0.4394 -0.4394
vn 0.7436 0.5136 -0.4281
vn 0.6969 0.5816 -0.4195
vn 0.7729 -0.5286 -0.3510
vn 0.7221 -0.5997 -0.3448
vn 0.8166 -0.4515 -0.3595
vn 0.8532 -0.3688 -0.3688
vn 0.8822 -0.2812 -0.3775
vn 0.9033 -0.1897 -0.3847
vn 0.9161 -0.0955 -0.3894
vn 0.9203 0.0000 -0.3912
vn 0.9161 0.0955 -0.3894
vn 0.9033 0.1897 -0.3847
vn 0.8822 0.2813 -0.3775
vn 0.8532 0.3688 -0.3688
vn 0.8166 0.4515 -0.3595
vn 0.7729 0.5286 -0.3510
vn 0.7221 0.5997 -0.3448
vn 0.7965 -0.5419 -0.2683
vn 0.7428 -0.6153 -0.2640
vn 0.8431 -0.4625 -0.2744
vn 0.8822 -0.3775 -0.2813
vn 0.9134 -0.2878 -0.2878
vn 0.9361 -0.1941 -0.2933
vn 0.9499 -0.0977 -0.2969
vn 0.9545 0.0000 -0.2983
vn 0.9499 0.0977 -0.2969
vn 0.9361 0.1941 -0.2933
vn 0.9134 0.2878 -0.2878
vn 0.8822 0.3775 -0.2812
vn 0.8431 0.4625 -0.2744
vn 0.7965 0.5419 -0.2683
vn 0.7428 0.6153 -0.2640
vn 0.8137 -0.5522 -0.1813
vn 0.7581 -0.6272 -0.1785
vn 0.8623 -0.4712 -0.1852
vn 0.9033 -0.3847 -0.1897
vn 0.9361 -0.2933 -0.1941
vn 0.9601 -0.1978 -0.1978
vn 0.9746 -0.0996 -0.2004
vn 0.9795 0.0000 -0.2013
vn 0.9746 0.0996 -0.2004
vn 0.9601 0.1978 -0.1978
vn 0.9361 0.2933 -0.1941
vn 0.9033 0.3847 -0.1897
vn 0.8623 0.4712 -0.1852
vn 0.8137 0.5522 -0.1813
vn 0.7581 0.6272 -0.1785
vn 0.8242 -0.5588 -0.0914
vn 0.7675 -0.6346 -0.0900
vn 0.8739 -0.4769 -0.0933
vn 0.9161 -0.3894 -0.0955
vn 0.9499 -0.2969 -0.0977
vn 0.9746 -0.2004 -0.0996
vn 0.9897 -0.1009 -0.1009
vn 0.9948 0.0000 -0.1014
vn 0.9897 0.1009 -0.1009
vn 0.9746 0.2004 -0.0996
vn 0.9499 0.2969 -0.0977
vn 0.9161 0.3894 -0.0955
vn 0.8739 0.4769 -0.0933
vn 0.8242 0.5588 -0.0914
vn 0.7675 0.6346 -0.0900
vn 0.8277 -0.5611 0.0000
vn 0.7707 -0.6372 0.0000
vn 0.8778 -0.4790 0.0000
vn 0.9203 -0.3912 0.0000
vn 0.9545 -0.2983 0.0000
vn 0.9795 -0.2013 0.0000
vn 0.9948 -0.1014 0.0000
vn 1.0000 0.0000 0.0000
vn 0.9948 0.1014 0.0000
vn 0.9795 0.2013 0.0000
vn 0.9545 0.2983 0.0000
vn 0.9203 0.3912 0.0000
vn 0.8778 0.4790 0.0000
vn 0.8277 0.5611 0.0000
vn 0.7707 0.6372 0.0000
vn 0.8242 -0.5588 0.0914
vn 0.7675 -0.6346 0.0900
vn 0.8739 -0.4769 0.0933
vn 0.9161 -0.3894 0.0955
vn 0.9499 -0.2969 0.0977
vn 0.9746 -0.2004 0.0996
vn 0.9897 -0.1009 0.1009
vn 0.9948 0.0000 0.1014
vn 0.9897 0.1009 0.1009
vn 0.9746 0.2004 0.0996
vn 0.9499 0.2969 0.0977
vn 0.9161 0.3894 0.0955
vn 0.8739 0.4769 0.0933
vn 0.8242 0.5588 0.0914
vn 0.7675 0.6346 0.0900
vn 0.8137 -0.5522 0.1813
vn 0.7581 -0.6272 0.1785
vn 0.8623 -0.4712 0.1852
vn 0.9033 -0.3847 0.1897
vn 0.9361 -0.2933 0.1941
vn 0.9601 -0.1978 0.1978
vn 0.9746 -0.0996 0.2004
vn 0.9795 0.0000 0.2013
vn 0.9746 0.0996 0.2004
vn 0.9601 0.1978 0.1978
vn 0.9361 0.2933 0.1941
vn 0.9033 0.3847 0.1897
vn 0.8623 0.4712 0.1852
vn 0.8137 0.5522 0.1813
vn 0.7581 0.6272 0.1785
vn 0.7965 -0.5419 0.2683
vn 0.7428 -0.6153 0.2640
vn 0.8431 -0.4625 0.2744
vn 0.8822 -0.3775 0.2813
vn 0.9134 -0.2878 0.2878
vn 0.9361 -0.1941 0.2933
vn 0.9499 -0.0977 0.2969
vn 0.9545 0.0000 0.2983
vn 0.9499 0.0977 0.2969
vn 0.9361 0.1941 0.2933
vn 0.9134 0.2878 0.2878
vn 0.8822 0.3775 0.2812
vn 0.8431 0.4625 0.2744
vn 0.7965 0.5419 0.2683
vn 0.7428 0.6153 0.2640
vn 0.7729 -0.5286 0.3510
vn 0.7221 -0.5997 0.3448
vn 0.8166 -0.4515 0.3595
vn 0.8532 -0.3688 0.3688
vn 0.8822 -0.2812 0.3775
vn 0.9033 -0.1897 0.3847
vn 0.9161 -0.0955 0.3894
vn 0.9203 0.0000 0.3912
vn 0.9161 0.0955 0.3894
vn 0.9033 0.1897 0.3847
vn 0.8822 0.2813 0.3775
vn 0.8532 0.3688 0.3688
vn 0.8166 0.4515 0.3595
vn 0.7729 0.5286 0.3510
vn 0.7221 0.5997 0.3448
vn 0.7436 -0.5136 0.4281
vn 0.6969 -0.5816 0.4195
vn 0.7834 -0.4394 0.4394
vn 0.8166 -0.3595 0.4515
vn 0.8431 -0.2744 0.4625
vn 0.8623 -0.1852 0.4712
vn 0.8739 -0.0933 0.4769
vn 0.8778 0.0000 0.4790
vn 0.8739 0.0933 0.4769
vn 0.8623 0.1852 0.4712
vn 0.8431 0.2744 0.4625
vn 0.8166 0.3595 0.4515
vn 0.7834 0.4394 0.4394
vn 0.7436 0.5136 0.4281
vn 0.6969 0.5816 0.4195
vn 0.7089 -0.4987 0.4987
vn 0.6685 -0.5626 0.4864
vn 0.7436 -0.4281 0.5136
vn 0.7729 -0.3510 0.5286
vn 0.7965 -0.2683 0.5419
vn 0.8137 -0.1813 0.5522
vn 0.8242 -0.0914 0.5588
vn 0.8277 0.0000 0.5611
vn 0.8242 0.0914 0.5588
vn 0.8137 0.1813 0.5522
vn 0.7965 0.2683 0.5419
vn 0.7729 0.3510 0.5286
vn 0.7436 0.4281 0.5136
vn 0.7089 0.4987 0.4987
vn 0.6685 0.5626 0.4864
vn 0.6685 -0.4864 0.5626
vn 0.6370 -0.5451 0.5451
vn 0.6969 -0.4195 0.5816
vn 0.7221 -0.3448 0.5997
vn 0.7428 -0.2640 0.6153
vn 0.7581 -0.1785 0.6272
vn 0.7675 -0.0900 0.6346
vn 0.7707 0.0000 0.6372
vn 0.7675 0.0900 0.6346
vn 0.7581 0.1785 0.6272
vn 0.7428 0.2640 0.6153
vn 0.7221 0.3448 0.5997
vn 0.6969 0.4195 0.5816
vn 0.6685 0.4864 0.5626
vn 0.6370 0.5451 0.5451
vn 0.5976 -0.5346 -0.5976
vn 0.6199 -0.4812 -0.6199
vn 0.6430 -0.4162 -0.6430
vn 0.6643 -0.3424 -0.6643
vn 0.6823 -0.2623 -0.6823
vn 0.6959 -0.1774 -0.6959
vn 0.7042 -0.0895 -0.7042
vn 0.7071 0.0000 -0.7071
vn 0.7042 0.0895 -0.7042
vn 0.6959 0.1774 -0.6959
vn 0.6823 0.2623 -0.6823
vn 0.6643 0.3424 -0.6643
vn 0.6430 0.4162 -0.6430
vn 0.6199 0.4812 -0.6199
vn 0.5976 0.5346 -0.5976
vn -0.5451 -0.5451 -0.6370
vn -0.5626 -0.4864 -0.6685
vn -0.4987 -0.4987 -0.7089
vn -0.4864 -0.5626 -0.6685
vn -0.5816 -0.4195 -0.6969
vn -0.5136 -0.4281 -0.7436
vn -0.5997 -0.3448 -0.7221
vn -0.5286 -0.3510 -0.7729
vn -0.6153 -0.2640 -0.7428
vn -0.5419 -0.2683 -0.7965
vn -0.6272 -0.1785 -0.7581
vn -0.5522 -0.1813 -0.8137
vn -0.6346 -0.0900 -0.7675
vn -0.5588 -0.0914 -0.8242
vn -0.6372 0.0000 -0.7707
vn -0.5611 0.0000 -0.8277
vn -0.6346 0.0900 -0.7675
vn -0.5588 0.0914 -0.8242
vn -0.6272 0.1785 -0.7581
vn -0.5522 0.1813 -0.8137
vn -0.6153 0.2640 -0.7428
vn -0.5419 0.2683 -0.7965
vn -0.5997 0.3448 -0.7221
vn -0.5286 0.3510 -0.7729
vn -0.5816 0.4195 -0.6969
vn -0.5136 0.4281 -0.7436
vn -0.5626 0.4864 -0.6685
vn -0.4987 0.4987 -0.7089
vn -0.5451 0.5451 -0.6370
vn -0.4864 0.5626 -0.6685
vn -0.4281 -0.5136 -0.7436
vn -0.4195 -0.5816 -0.6969
vn -0.4394 -0.4394 -0.7834
vn -0.4515 -0.3595 -0.8166
vn -0.4625 -0.2744 -0.8431
vn -0.4712 -0.1852 -0.8623
vn -0.4769 -0.0933 -0.8739
vn -0.4790 0.0000 -0.8778
vn -0.4769 0.0933 -0.8739
vn -0.4712 0.1852 -0.8623
vn -0.4625 0.2744 -0.8431
vn -0.4515 0.3595 -0.8166
vn -0.4394 0.4394 -0.7834
vn -0.4281 0.5136 -0.7436
vn -0.4195 0.5816 -0.6969
vn -0.3510 -0.5286 -0.7729
vn -0.3448 -0.5997 -0.7221
vn -0.3595 -0.4515 -0.8166
vn -0.3688 -0.3688 -0.8532
vn -0.3775 -0.2813 -0.8822
vn -0.3847 -0.1897 -0.9033
vn -0.3894 -0.0955 -0.9161
vn -0.3912 0.0000 -0.9203
vn -0.3894 0.0955 -0.9161
vn -0.3847 0.1897 -0.9033
vn -0.3775 0.2813 -0.8822
vn -0.3688 0.3688 -0.8532
vn -0.3595 0.4515 -0.8166
vn -0.3510 0.5286 -0.7729
vn -0.3448 0.5997 -0.7221
vn -0.2683 -0.5419 -0.7965
vn -0.2640 -0.6153 -0.7428
vn -0.2744 -0.4625 -0.8431
vn -0.2813 -0.3775 -0.8822
vn -0.2878 -0.2878 -0.9134
vn -0.2933 -0.1941 -0.9361
vn -0.2969 -0.0977 -0.9499
vn -0.2983 0.0000 -0.9545
vn -0.2969 0.0977 -0.9499
vn -0.2933 0.1941 -0.9361
vn -0.2878 0.2878 -0.9134
vn -0.2813 0.3775 -0.8822
vn -0.2744 0.4625 -0.8431
vn -0.2683 0.5419 -0.7965
vn -0.2640 0.6153 -0.7428
vn -0.1813 -0.5522 -0.8137
vn -0.1785 -0.6272 -0.7581
vn -0.1852 -0.4712 -0.8623
vn -0.1897 -0.3847 -0.9033
vn -0.1941 -0.2933 -0.9361
vn -0.1978 -0.1978 -0.9601
vn -0.2004 -0.0996 -0.9746
vn -0.2013 0.0000 -0.9795
vn -0.2004 0.0996 -0.9746
vn -0.1978 0.1978 -0.9601
vn -0.1941 0.2933 -0.9361
vn -0.1897 0.3847 -0.9033
vn -0.1852 0.4712 -0.8623
vn -0.1813 0.5522 -0.8137
vn -0.1785 0.6272 -0.7581
vn -0.0914 -0.5588 -0.8242
vn -0.0900 -0.6346 -0.7675
vn -0.0933 -0.4769 -0.8739
vn -0.0955 -0.3894 -0.9161
vn -0.0977 -0.2969 -0.9499
vn -0.0996 -0.2004 -0.9746
vn -0.1009 -0.1009 -0.9897
vn -0.1014 0.0000 -0.9948
vn -0.1009 0.1009 -0.9897
vn -0.0996 0.2004 -0.9746
vn -0.0977 0.2969 -0.9499
vn -0.0955 0.3894 -0.9161
vn -0.0933 0.4769 -0.8739
vn -0.0914 0.5588 -0.8242
vn -0.0900 0.6346 -0.7675
vn 0.0000 -0.5611 -0.8277
vn 0.0000 -0.6372 -0.7707
vn 0.0000 -0.4790 -0.8778
vn 0.0000 -0.3912 -0.9203
vn 0.0000 -0.2983 -0.9545
vn 0.0000 -0.2013 -0.9795
vn 0.0000 -0.1014 -0.9948
vn 0.0000 0.0000 -1.0000
vn 0.0000 0.1014 -0.9948
vn 0.0000 0.2013 -0.9795
vn 0.0000 0.2983 -0.9545
vn 0.0000 0.3912 -0.9203
vn 0.0000 0.4790 -0.8778
vn 0.0000 0.5611 -0.8277
vn 0.0000 0.6372 -0.7707
vn 0.0914 -0.5588 -0.8242
vn 0.0900 -0.6346 -0.7675
vn 0.0933 -0.4769 -0.8739
vn 0.0955 -0.3894 -0.9161
vn 0.0977 -0.2969 -0.9499
vn 0.0996 -0.2004 -0.9746
vn 0.1009 -0.1009 -0.9897
vn 0.1014 0.0000 -0.9948
vn 0.1009 0.1009 -0.9897
vn 0.0996 0.2004 -0.9746
vn 0.0977 0.2969 -0.9499
vn 0.0955 0.3894 -0.9161
vn 0.0933 0.4769 -0.8739
vn 0.0914 0.5588 -0.8242
vn 0.0900 0.6346 -0.7675
vn 0.1813 -0.5522 -0.8137
vn 0.1785 -0.6272 -0.7581
vn 0.1852 -0.4712 -0.8623
vn 0.1897 -0.3847 -0.9033
vn 0.1941 -0.2933 -0.9361
vn 0.1978 -0.1978 -0.9601
vn 0.2004 -0.0996 -0.9746
vn 0.2013 0.0000 -0.9795
vn 0.2004 0.0996 -0.9746
vn 0.1978 0.1978 -0.9601
vn 0.1941 0.2933 -0.9361
vn 0.1897 0.3847 -0.9033
vn 0.1853 0.4712 -0.8623
vn 0.1813 0.5522 -0.8137
vn 0.1785 0.6272 -0.7581
vn 0.2683 -0.5419 -0.7965
vn 0.2640 -0.6153 -0.7428
vn 0.2744 -0.4625 -0.8431
vn 0.2813 -0.3775 -0.8822
vn 0.2878 -0.2878 -0.9134
vn 0.2933 -0.1941 -0.9361
vn 0.2969 -0.0977 -0.9499
vn 0.2983 0.0000 -0.9545
vn 0.2969 0.0977 -0.9499
vn 0.2933 0.1941 -0.9361
vn 0.2878 0.2878 -0.9134
vn 0.2813 0.3775 -0.8822
vn 0.2744 0.4625 -0.8431
vn 0.2683 0.5419 -0.7965
vn 0.2640 0.6153 -0.7428
vn 0.3510 -0.5286 -0.7729
vn 0.3448 -0.5997 -0.7221
vn 0.3595 -0.4515 -0.8166
vn 0.3688 -0.3688 -0.8532
vn 0.3775 -0.2813 -0.8822
vn 0.3847 -0.1897 -0.9033
vn 0.3894 -0.0955 -0.9161
vn 0.3912 0.0000 -0.9203
vn 0.3894 0.0955 -0.9161
vn 0.3847 0.1897 -0.9033
vn 0.3775 0.2813 -0.8822
vn 0.3688 0.3688 -0.8532
vn 0.3595 0.4515 -0.8166
vn 0.3510 0.5286 -0.7729
vn 0.3448 0.5997 -0.7221
vn 0.4281 -0.5136 -0.7436
vn 0.4195 -0.5816 -0.6969
vn 0.4394 -0.4394 -0.7834
vn 0.4515 -0.3595 -0.8166
vn 0.4625 -0.2744 -0.8431
vn 0.4712 -0.1852 -0.8623
vn 0.4769 -0.0933 -0.8739
vn 0.4790 0.0000 -0.8778
vn 0.4769 0.0933 -0.8739
vn 0.4712 0.1852 -0.8623
vn 0.4625 0.2744 -0.8431
vn 0.4515 0.3595 -0.8166
vn 0.4394 0.4394 -0.7834
vn 0.4281 0.5136 -0.7436
vn 0.4195 0.5816 -0.6969
vn 0.4987 -0.4987 -0.7089
vn 0.4864 -0.5626 -0.6685
vn 0.5136 -0.4281 -0.7436
vn 0.5286 -0.3510 -0.7729
vn 0.5419 -0.2683 -0.7965
vn 0.5522 -0.1813 -0.8137
vn 0.5588 -0.0914 -0.8242
vn 0.5611 0.0000 -0.8277
vn 0.5588 0.0914 -0.8242
vn 0.5522 0.1813 -0.8137
vn 0.5419 0.2683 -0.7965
vn 0.5286 0.3510 -0.7729
vn 0.5136 0.4281 -0.7436
vn 0.4987 0.4987 -0.7089
vn 0.4864 0.5626 -0.6685
vn 0.5626 -0.4864 -0.6685
vn 0.5451 -0.5451 -0.6370
vn 0.5816 -0.4195 -0.6969
vn 0.5997 -0.3448 -0.7221
vn 0.6153 -0.2640 -0.7428
vn 0.6272 -0.1785 -0.7581
vn 0.6346 -0.0900 -0.7675
vn 0.6372 0.0000 -0.7707
vn 0.6346 0.0900 -0.7675
vn 0.6272 0.1785 -0.7581
vn 0.6153 0.2640 -0.7428
vn 0.5997 0.3448 -0.7221
vn 0.5816 0.4195 -0.6969
vn 0.5626 0.4864 -0.6685
vn 0.5451 0.5451 -0.6370
usemtl Material
s 1
f 189/1/1 190/2/2 205/3/3 204/4/4
f 190/2/2 191/5/5 206/6/6 205/3/3
f 191/5/5 192/7/7 207/8/8 206/6/6
f 192/7/7 193/9/9 208/10/10 207/8/8
f 193/9/9 194/11/11 209/12/12 208/10/10
f 194/11/11 195/13/13 210/14/14 209/12/12
f 195/13/13 196/15/15 211/16/16 210/14/14
f 196/15/15 197/17/17 212/18/18 211/16/16
f 197/17/17 198/19/19 213/20/20 212/18/18
f 198/19/19 199/21/21 214/22/22 213/20/20
f 199/21/21 200/23/23 215/24/24 214/22/22
f 200/23/23 201/25/25 216/26/26 215/24/24
f 201/25/25 202/27/27 217/28/28 216/26/26
f 202/27/27 203/29/29 218/30/30 217/28/28
f 204/4/4 205/3/3 220/31/31 219/32/32
f 205/3/3 206/6/6 221/33/33 220/31/31
f 206/6/6 207/8/8 222/34/34 221/33/33
f 207/8/8 208/10/10 223/35/35 222/34/34
f 208/10/10 209/12/12 224/36/36 223/35/35
f 209/12/12 210/14/14 225/37/37 224/36/36
f 210/14/14 211/16/16 226/38/38 225/37/37
f 211/16/16 212/18/18 227/39/39 226/38/38
f 212/18/18 213/20/20 228/40/40 227/39/39
f 213/20/20 214/22/22 229/41/41 228/40/40
f 214/22/22 215/24/24 230/42/42 229/41/41
f 215/24/24 216/26/26 231/43/43 230/42/42
f 216/26/26 217/28/28 232/44/44 231/43/43
f 217/28/28 218/30/30 233/45/45 232/44/44
f 219/32/32 220/31/31 235/46/46 234/47/47
f 220/31/31 221/33/33 236/48/48 235/46/46
f 221/33/33 222/34/34 237/49/49 236/48/48
f 222/34/34 223/35/35 238/50/50 237/49/49
f 223/35/35 224/36/36 239/51/51 238/50/50
f 224/36/36 225/37/37 240/52/52 239/51/51
f 225/37/37 226/38/38 241/53/53 240/52/52
f 226/38/38 227/39/39 242/54/54 241/53/53
f 227/39/39 228/40/40 243/55/55 242/54/54
f 228/40/40 229/41/41 244/56/56 243/55/55
f 229/41/41 230/42/42 245/57/57 244/56/56
f 230/42/42 231/43/43 246/58/58 245/57/57
f 231/43/43 232/44/44 247/59/59 246/58/58
f 232/44/44 233/45/45 248/60/60 247/59/59
f 234/47/47 235/46/46 250/61/61 249/62/62
f 235/46/46 236/48/48 251/63/63 250/61/61
f 236/48/48 237/49/49 252/64/64 251/63/63
f 237/49/49 238/50/50 253/65/65 252/64/64
f 238/50/50 239/51/51 254/66/66 253/65/65
f 239/51/51 240/52/52 255/67/67 254/66/66
f 240/52/52 241/53/53 256/68/68 255/67/67
f 241/53/53 242/54/54 257/69/69 256/68/68
f 242/54/54 243/55/55 258/70/70 257/69/69
f 243/55/55 244/56/56 259/71/71 258/70/70
f 244/56/56 245/57/57 260/72/72 259/71/71
f 245/57/57 246/58/58 261/73/73 260/72/72
f 246/58/58 247/59/59 262/74/74 261/73/73
f 247/59/59 248/60/60 263/75/75 262/74/74
f 249/62/62 250/61/61 265/76/76 264/77/77
f 250/61/61 251/63/63 266/78/78 265/76/76
f 251/63/63 252/64/64 267/79/79 266/78/78
f 252/64/64 253/65/65 268/80/80 267/79/79
f 253/65/65 254/66/66 269/81/81 268/80/80
f 254/66/66 255/67/67 270/82/82 269/81/81
f 255/67/67 256/68/68 271/83/83 270/82/82
f 256/68/68 257/69/69 272/84/84 271/83/83
f 257/69/69 258/70/70 273/85/85 272/84/84
f 258/70/70 259/71/71 274/86/86 273/85/85
f 259/71/71 260/72/72 275/87/87 274/86/86
f 260/72/72 261/73/73 276/88/88 275/87/87
f 261/73/73 262/74/74 277/89/89 276/88/88
f 262/74/74 263/75/75 278/90/90 277/89/89
f 264/77/77 265/76/76 280/91/91 279/92/92
f 265/76/76 266/78/78 281/93/93 280/91/91
f 266/78/78 267/79/79 282/94/94 281/93/93
f 267/79/79 268/80/80 283/95/95 282/94/94
f 268/80/80 269/81/81 284/96/96 283/95/95
f 269/81/81 270/82/82 285/97/97 284/96/96
f 270/82/82 271/83/83 286/98/98 285/97/97
f 271/83/83 272/84/84 287/99/99 286/98/98
f 272/84/84 273/85/85 288/100/100 287/99/99
f 273/85/85 274/86/86 289/101/101 288/100/100
f 274/86/86 275/87/87 290/102/102 289/101/101
f 275/87/87 276/88/88 291/103/103 290/102/102
f 276/88/88 277/89/89 292/104/104 291/103/103
f 277/89/89 278/90/90 293/105/105 292/104/104
f 279/92/92 280/91/91 295/106/106 294/107/107
f 280/91/91 281/93/93 296/108/108 295/106/106
f 281/93/93 282/94/94 297/109/109 296/108/108
f 282/94/94 283/95/95 298/110/110 297/109/109
f 283/95/95 284/96/96 299/111/111 298/110/110
f 284/96/96 285/97/97 300/112/112 299/111/111
f 285/97/97 286/98/98 301/113/113 300/112/112
f 286/98/98 287/99/99 302/114/114 301/113/113
f 287/99/99 288/100/100 303/115/115 302/114/114
f 288/100/100 289/101/101 304/116/116 303/115/115
f 289/101/101 290/102/102 305/117/117 304/116/116
f 290/102/102 291/103/103 306/118/118 305/117/117
f 291/103/103 292/104/104 307/119/119 306/118/118
f 292/104/104 293/105/105 308/120/120 307/119/119
f 294/107/107 295/106/106 310/121/121 309/122/122
f 295/106/106 296/108/108 311/123/123 310/121/121
f 296/108/108 297/109/109 312/124/124 311/123/123
f 297/109/109 298/110/110 313/125/125 312/124/124
f 298/110/110 299/111/111 314/126/126 313/125/125
f 299/111/111 300/112/112 315/127/127 314/126/126
f 300/112/112 301/113/113 316/128/128 315/127/127
f 301/113/113 302/114/114 317/129/129 316/128/128
f 302/114/114 303/115/115 318/130/130 317/129/129
f 303/115/115 304/116/116 319/131/131 318/130/130
f 304/116/116 305/117/117 320/132/132 319/131/131
f 305/117/117 306/118/118 321/133/133 320/132/132
f 306/118/118 307/119/119 322/134/134 321/133/133
f 307/119/119 308/120/120 323/135/135 322/134/134
f 309/122/122 310/121/121 325/136/136 324/137/137
f 310/121/121 311/123/123 326/138/138 325/136/136
f 311/123/123 312/124/124 327/139/139 326/138/138
f 312/124/124 313/125/125 328/140/140 327/139/139
f 313/125/125 314/126/126 329/141/141 328/140/140
f 314/126/126 315/127/127 330/142/142 329/141/141
f 315/127/127 316/128/128 331/143/143 330/142/142
f 316/128/128 317/129/129 332/144/144 331/143/143
f 317/129/129 318/130/130 333/145/145 332/144/144
f 318/130/130 319/131/131 334/146/146 333/145/145
f 319/131/131 320/132/132 335/147/147 334/146/146
f 320/132/132 321/133/133 336/148/148 335/147/147
f 321/133/133 322/134/134 337/149/149 336/148/148
f 322/134/134 323/135/135 338/150/150 337/149/149
f 324/137/137 325/136/136 340/151/151 339/152/152
f 325/136/136 326/138/138 341/153/153 340/151/151
f 326/138/138 327/139/139 342/154/154 341/153/153
f 327/139/139 328/140/140 343/155/155 342/154/154
f 328/140/140 329/141/141 344/156/156 343/155/155
f 329/141/141 330/142/142 345/157/157 344/156/156
f 330/142/142 331/143/143 346/158/158 345/157/157
f 331/143/143 332/144/144 347/159/159 346/158/158
f 332/144/144 333/145/145 348/160/160 347/159/159
f 333/145/145 334/146/146 349/161/161 348/160/160
f 334/146/146 335/147/147 350/162/162 349/161/161
f 335/147/147 336/148/148 351/163/163 350/162/162
f 336/148/148 337/149/149 352/164/164 351/163/163
f 337/149/149 338/150/150 353/165/165 352/164/164
f 339/152/152 340/151/151 355/166/166 354/167/167
f 340/151/151 341/153/153 356/168/168 355/166/166
f 341/153/153 342/154/154 357/169/169 356/168/168
f 342/154/154 343/155/155 358/170/170 357/169/169
f 343/155/155 344/156/156 359/171/171 358/170/170
f 344/156/156 345/157/157 360/172/172 359/171/171
f 345/157/157 346/158/158 361/173/173 360/172/172
f 346/158/158 347/159/159 362/174/174 361/173/173
f 347/159/159 348/160/160 363/175/175 362/174/174
f 348/160/160 349/161/161 364/176/176 363/175/175
f 349/161/161 350/162/162 365/177/177 364/176/176
f 350/162/162 351/163/163 366/178/178 365/177/177
f 351/163/163 352/164/164 367/179/179 366/178/178
f 352/164/164 353/165/165 368/180/180 367/179/179
f 354/167/167 355/166/166 370/181/181 369/182/182
f 355/166/166 356/168/168 371/183/183 370/181/181
f 356/168/168 357/169/169 372/184/184 371/183/183
f 357/169/169 358/170/170 373/185/185 372/184/184
f 358/170/170 359/171/171 374/186/186 373/185/185
f 359/171/171 360/172/172 375/187/187 374/186/186
f 360/172/172 361/173/173 376/188/188 375/187/187
f 361/173/173 362/174/174 377/189/189 376/188/188
f 362/174/174 363/175/175 378/190/190 377/189/189
f 363/175/175 364/176/176 379/191/191 378/190/190
f 364/176/176 365/177/177 380/192/192 379/191/191
f 365/177/177 366/178/178 381/193/193 380/192/192
f 366/178/178 367/179/179 382/194/194 381/193/193
f 367/179/179 368/180/180 383/195/195 382/194/194
f 369/182/182 370/181/181 385/196/196 384/197/197
f 370/181/181 371/183/183 386/198/198 385/196/196
f 371/183/183 372/184/184 387/199/199 386/198/198
f 372/184/184 373/185/185 388/200/200 387/199/199
f 373/185/185 374/186/186 389/201/201 388/200/200
f 374/186/186 375/187/187 390/202/202 389/201/201
f 375/187/187 376/188/188 391/203/203 390/202/202
f 376/188/188 377/189/189 392/204/204 391/203/203
f 377/189/189 378/190/190 393/205/205 392/204/204
f 378/190/190 379/191/191 394/206/206 393/205/205
f 379/191/191 380/192/192 395/207/207 394/206/206
f 380/192/192 381/193/193 396/208/208 395/207/207
f 381/193/193 382/194/194 397/209/209 396/208/208
f 382/194/194 383/195/195 398/210/210 397/209/209
f 384/197/197 385/196/196 400/211/211 399/212/212
f 385/196/196 386/198/198 401/213/213 400/211/211
f 386/198/198 387/199/199 402/214/214 401/213/213
f 387/199/199 388/200/200 403/215/215 402/214/214
f 388/200/200 389/201/201 404/216/216 403/215/215
f 389/201/201 390/202/202 405/217/217 404/216/216
f 390/202/202 391/203/203 406/218/218 405/217/217
f 391/203/203 392/204/204 407/219/219 406/218/218
f 392/204/204 393/205/205 408/220/220 407/219/219
f 393/205/205 394/206/206 409/221/221 408/220/220
f 394/206/206 395/207/207 410/222/222 409/221/221
f 395/207/207 396/208/208 411/223/223 410/222/222
f 396/208/208 397/209/209 412/224/224 411/223/223
f 397/209/209 398/210/210 413/225/225 412/224/224
f 1/226/226 173/227/227 189/1/1 114/228/228
f 173/227/227 172/229/229 190/2/2 189/1/1
f 172/229/229 171/230/230 191/5/5 190/2/2
f 171/230/230 170/231/231 192/7/7 191/5/5
f 170/231/231 169/232/232 193/9/9 192/7/7
f 169/232/232 168/233/233 194/11/11 193/9/9
f 168/233/233 167/234/234 195/13/13 194/11/11
f 167/234/234 166/235/235 196/15/15 195/13/13
f 166/235/235 165/236/236 197/17/17 196/15/15
f 165/236/236 164/237/237 198/19/19 197/17/17
f 164/237/237 163/238/238 199/21/21 198/19/19
f 163/238/238 162/239/239 200/23/23 199/21/21
f 162/239/239 161/240/240 201/25/25 200/23/23
f 161/240/240 160/241/241 202/27/27 201/25/25
f 160/241/241 159/242/242 203/29/29 202/27/27
f 159/242/242 5/243/243 158/244/244 203/29/29
f 203/29/29 158/244/244 157/245/245 218/30/30
f 218/30/30 157/245/245 156/246/246 233/45/45
f 233/45/45 156/246/246 155/247/247 248/60/60
f 248/60/60 155/247/247 154/248/248 263/75/75
f 263/75/75 154/248/248 153/249/249 278/90/90
f 278/90/90 153/249/249 152/250/250 293/105/105
f 293/105/105 152/250/250 151/251/251 308/120/120
f 308/120/120 151/251/251 150/252/252 323/135/135
f 323/135/135 150/252/252 149/253/253 338/150/150
f 338/150/150 149/253/253 148/254/254 353/165/165
f 353/165/165 148/254/254 147/255/255 368/180/180
f 368/180/180 147/255/255 146/256/256 383/195/195
f 383/195/195 146/256/256 145/257/257 398/210/210
f 398/210/210 145/257/257 144/258/258 413/225/225
f 413/225/225 144/258/258 7/259/259 113/260/260
f 412/224/224 413/225/225 113/260/260 112/261/261
f 411/223/223 412/224/224 112/261/261 111/262/262
f 410/222/222 411/223/223 111/262/262 110/263/263
f 409/221/221 410/222/222 110/263/263 109/264/264
f 408/220/220 409/221/221 109/264/264 108/265/265
f 407/219/219 408/220/220 108/265/265 107/266/266
f 406/218/218 407/219/219 107/266/266 106/267/267
f 405/217/217 406/218/218 106/267/267 105/268/268
f 404/216/216 405/217/217 105/268/268 104/269/269
f 403/215/215 404/216/216 104/269/269 103/270/270
f 402/214/214 403/215/215 103/270/270 102/271/271
f 401/213/213 402/214/214 102/271/271 101/272/272
f 400/211/211 401/213/213 101/272/272 100/273/273
f 399/212/212 400/211/211 100/273/273 99/274/274
f 128/275/275 399/212/212 99/274/274 3/276/276
f 127/277/277 384/197/197 399/212/212 128/275/275
f 126/278/278 369/182/182 384/197/197 127/277/277
f 125/279/279 354/167/167 369/182/182 126/278/278
f 124/280/280 339/152/152 354/167/167 125/279/279
f 123/281/281 324/137/137 339/152/152 124/280/280
f 122/282/282 309/122/122 324/137/137 123/281/281
f 121/283/283 294/107/107 309/122/122 122/282/282
f 120/284/284 279/92/92 294/107/107 121/283/283
f 119/285/285 264/77/77 279/92/92 120/284/284
f 118/286/286 249/62/62 264/77/77 119/285/285
f 117/287/287 234/47/47 249/62/62 118/286/286
f 116/288/288 219/32/32 234/47/47 117/287/287
f 115/289/289 204/4/4 219/32/32 116/288/288
f 114/228/228 189/1/1 204/4/4 115/289/289
f 414/290/290 415/291/291 430/292/292 429/293/293
f 415/291/291 416/294/294 431/295/295 430/292/292
f 416/294/294 417/296/296 432/297/297 431/295/295
f 417/296/296 418/298/298 433/299/299 432/297/297
f 418/298/298 419/300/300 434/301/301 433/299/299
f 419/300/300 420/302/302 435/303/303 434/301/301
f 420/302/302 421/304/304 436/305/305 435/303/303
f 421/304/304 422/306/306 437/307/307 436/305/305
f 422/306/306 423/308/308 438/309/309 437/307/307
f 423/308/308 424/310/310 439/311/311 438/309/309
f 424/310/310 425/312/312 440/313/313 439/311/311
f 425/312/312 426/314/314 441/315/315 440/313/313
f 426/314/314 427/316/316 442/317/317 441/315/315
f 427/316/316 428/318/318 443/319/319 442/317/317
f 429/293/293 430/292/292 445/320/320 444/321/321
f 430/292/292 431/295/295 446/322/322 445/320/320
f 431/295/295 432/297/297 447/323/323 446/322/322
f 432/297/297 433/299/299 448/324/324 447/323/323
f 433/299/299 434/301/301 449/325/325 448/324/324
f 434/301/301 435/303/303 450/326/326 449/325/325
f 435/303/303 436/305/305 451/327/327 450/326/326
f 436/305/305 437/307/307 452/328/328 451/327/327
f 437/307/307 438/309/309 453/329/329 452/328/328
f 438/309/309 439/311/311 454/330/330 453/329/329
f 439/311/311 440/313/313 455/331/331 454/330/330
f 440/313/313 441/315/315 456/332/332 455/331/331
f 441/315/315 442/317/317 457/333/333 456/332/332
f 442/317/317 443/319/319 458/334/334 457/333/333
f 444/321/321 445/320/320 460/335/335 459/336/336
f 445/320/320 446/322/322 461/337/337 460/335/335
f 446/322/322 447/323/323 462/338/338 461/337/337
f 447/323/323 448/324/324 463/339/339 462/338/338
f 448/324/324 449/325/325 464/340/340 463/339/339
f 449/325/325 450/326/326 465/341/341 464/340/340
f 450/326/326 451/327/327 466/342/342 465/341/341
f 451/327/327 452/328/328 467/343/343 466/342/342
f 452/328/328 453/329/329 468/344/344 467/343/343
f 453/329/329 454/330/330 469/345/345 468/344/344
f 454/330/330 455/331/331 470/346/346 469/345/345
f 455/331/331 456/332/332 471/347/347 470/346/346
f 456/332/332 457/333/333 472/348/348 471/347/347
f 457/333/333 458/334/334 473/349/349 472/348/348
f 459/336/336 460/335/335 475/350/350 474/351/351
f 460/335/335 461/337/337 476/352/352 475/350/350
f 461/337/337 462/338/338 477/353/353 476/352/352
f 462/338/338 463/339/339 478/354/354 477/353/353
f 463/339/339 464/340/340 479/355/355 478/354/354
f 464/340/340 465/341/341 480/356/356 479/355/355
f 465/341/341 466/342/342 481/357/357 480/356/356
f 466/342/342 467/343/343 482/358/358 481/357/357
f 467/343/343 468/344/344 483/359/359 482/358/358
f 468/344/344 469/345/345 484/360/360 483/359/359
f 469/345/345 470/346/346 485/361/361 484/360/360
f 470/346/346 471/347/347 486/362/362 485/361/361
f 471/347/347 472/348/348 487/363/363 486/362/362
f 472/348/348 473/349/349 488/364/364 487/363/363
f 474/351/351 475/350/350 490/365/365 489/366/366
f 475/350/350 476/352/352 491/367/367 490/365/365
f 476/352/352 477/353/353 492/368/368 491/367/367
f 477/353/353 478/354/354 493/369/369 492/368/368
f 478/354/354 479/355/355 494/370/370 493/369/369
f 479/355/355 480/356/356 495/371/371 494/370/370
f 480/356/356 481/357/357 496/372/372 495/371/371
f 481/357/357 482/358/358 497/373/373 496/372/372
f 482/358/358 483/359/359 498/374/374 497/373/373
f 483/359/359 484/360/360 499/375/375 498/374/374
f 484/360/360 485/361/361 500/376/376 499/375/375
f 485/361/361 486/362/362 501/377/377 500/376/376
f 486/362/362 487/363/363 502/378/378 501/377/377
f 487/363/363 488/364/364 503/379/379 502/378/378
f 489/366/366 490/365/365 505/380/380 504/381/381
f 490/365/365 491/367/367 506/382/382 505/380/380
f 491/367/367 492/368/368 507/383/383 506/382/382
f 492/368/368 493/369/369 508/384/384 507/383/383
f 493/369/369 494/370/370 509/385/385 508/384/384
f 494/370/370 495/371/371 510/386/386 509/385/385
f 495/371/371 496/372/372 511/387/387 510/386/386
f 496/372/372 497/373/373 512/388/388 511/387/387
f 497/373/373 498/374/374 513/389/389 512/388/388
f 498/374/374 499/375/375 514/390/390 513/389/389
f 499/375/375 500/376/376 515/391/391 514/390/390
f 500/376/376 501/377/377 516/392/392 515/391/391
f 501/377/377 502/378/378 517/393/393 516/392/392
f 502/378/378 503/379/379 518/394/394 517/393/393
f 504/381/381 505/380/380 520/395/395 519/396/396
f 505/380/380 506/382/382 521/397/397 520/395/395
f 506/382/382 507/383/383 522/398/398 521/397/397
f 507/383/383 508/384/384 523/399/399 522/398/398
f 508/384/384 509/385/385 524/400/400 523/399/399
f 509/385/385 510/386/386 525/401/401 524/400/400
f 510/386/386 511/387/387 526/402/402 525/401/401
f 511/387/387 512/388/388 527/403/403 526/402/402
f 512/388/388 513/389/389 528/404/404 527/403/403
f 513/389/389 514/390/390 529/405/405 528/404/404
f 514/390/390 515/391/391 530/406/406 529/405/405
f 515/391/391 516/392/392 531/407/407 530/406/406
f 516/392/392 517/393/393 532/408/408 531/407/407
f 517/393/393 518/394/394 533/409/409 532/408/408
f 519/396/396 520/395/395 535/410/410 534/411/411
f 520/395/395 521/397/397 536/412/412 535/410/410
f 521/397/397 522/398/398 537/413/413 536/412/412
f 522/398/398 523/399/399 538/414/414 537/413/413
f 523/399/399 524/400/400 539/415/415 538/414/414
f 524/400/400 525/401/401 540/416/416 539/415/415
f 525/401/401 526/402/402 541/417/417 540/416/416
f 526/402/402 527/403/403 542/418/418 541/417/417
f 527/403/403 528/404/404 543/419/419 542/418/418
f 528/404/404 529/405/405 544/420/420 543/419/419
f 529/405/405 530/406/406 545/421/421 544/420/420
f 530/406/406 531/407/407 546/422/422 545/421/421
f 531/407/407 532/408/408 547/423/423 546/422/422
f 532/408/408 533/409/409 548/424/424 547/423/423
f 534/411/411 535/410/410 550/425/425 549/426/426
f 535/410/410 536/412/412 551/427/427 550/425/425
f 536/412/412 537/413/413 552/428/428 551/427/427
f 537/413/413 538/414/414 553/429/429 552/428/428
f 538/414/414 539/415/415 554/430/430 553/429/429
f 539/415/415 540/416/416 555/431/431 554/430/430
f 540/416/416 541/417/417 556/432/432 555/431/431
f 541/417/417 542/418/418 557/433/433 556/432/432
f 542/418/418 543/419/419 558/434/434 557/433/433
f 543/419/419 544/420/420 559/435/435 558/434/434
f 544/420/420 545/421/421 560/436/436 559/435/435
f 545/421/421 546/422/422 561/437/437 560/436/436
f 546/422/422 547/423/423 562/438/438 561/437/437
f 547/423/423 548/424/424 563/439/439 562/438/438
f 549/426/426 550/425/425 565/440/440 564/441/441
f 550/425/425 551/427/427 566/442/442 565/440/440
f 551/427/427 552/428/428 567/443/443 566/442/442
f 552/428/428 553/429/429 568/444/444 567/443/443
f 553/429/429 554/430/430 569/445/445 568/444/444
f 554/430/430 555/431/431 570/446/446 569/445/445
f 555/431/431 556/432/432 571/447/447 570/446/446
f 556/432/432 557/433/433 572/448/448 571/447/447
f 557/433/433 558/434/434 573/449/449 572/448/448
f 558/434/434 559/435/435 574/450/450 573/449/449
f 559/435/435 560/436/436 575/451/451 574/450/450
f 560/436/436 561/437/437 576/452/452 575/451/451
f 561/437/437 562/438/438 577/453/453 576/452/452
f 562/438/438 563/439/439 578/454/454 577/453/453
f 564/441/441 565/440/440 580/455/455 579/456/456
f 565/440/440 566/442/442 581/457/457 580/455/455
f 566/442/442 567/443/443 582/458/458 581/457/457
f 567/443/443 568/444/444 583/459/459 582/458/458
f 568/444/444 569/445/445 584/460/460 583/459/459
f 569/445/445 570/446/446 585/461/461 584/460/460
f 570/446/446 571/447/447 586/462/462 585/461/461
f 571/447/447 572/448/448 587/463/463 586/462/462
f 572/448/448 573/449/449 588/464/464 587/463/463
f 573/449/449 574/450/450 589/465/465 588/464/464
f 574/450/450 575/451/451 590/466/466 589/465/465
f 575/451/451 576/452/452 591/467/467 590/466/466
f 576/452/452 577/453/453 592/468/468 591/467/467
f 577/453/453 578/454/454 593/469/469 592/468/468
f 579/456/456 580/455/455 595/470/470 594/471/471
f 580/455/455 581/457/457 596/472/472 595/470/470
f 581/457/457 582/458/458 597/473/473 596/472/472
f 582/458/458 583/459/459 598/474/474 597/473/473
f 583/459/459 584/460/460 599/475/475 598/474/474
f 584/460/460 585/461/461 600/476/476 599/475/475
f 585/461/461 586/462/462 601/477/477 600/476/476
f 586/462/462 587/463/463 602/478/478 601/477/477
f 587/463/463 588/464/464 603/479/479 602/478/478
f 588/464/464 589/465/465 604/480/480 603/479/479
f 589/465/465 590/466/466 605/481/481 604/480/480
f 590/466/466 591/467/467 606/482/482 605/481/481
f 591/467/467 592/468/468 607/483/483 606/482/482
f 592/468/468 593/469/469 608/484/484 607/483/483
f 594/471/471 595/470/470 610/485/485 609/486/486
f 595/470/470 596/472/472 611/487/487 610/485/485
f 596/472/472 597/473/473 612/488/488 611/487/487
f 597/473/473 598/474/474 613/489/489 612/488/488
f 598/474/474 599/475/475 614/490/490 613/489/489
f 599/475/475 600/476/476 615/491/491 614/490/490
f 600/476/476 601/477/477 616/492/492 615/491/491
f 601/477/477 602/478/478 617/493/493 616/492/492
f 602/478/478 603/479/479 618/494/494 617/493/493
f 603/479/479 604/480/480 619/495/495 618/494/494
f 604/480/480 605/481/481 620/496/496 619/495/495
f 605/481/481 606/482/482 621/497/497 620/496/496
f 606/482/482 607/483/483 622/498/498 621/497/497
f 607/483/483 608/484/484 623/499/499 622/498/498
f 609/486/486 610/485/485 625/500/500 624/501/501
f 610/485/485 611/487/487 626/502/502 625/500/500
f 611/487/487 612/488/488 627/503/503 626/502/502
f 612/488/488 613/489/489 628/504/504 627/503/503
f 613/489/489 614/490/490 629/505/505 628/504/504
f 614/490/490 615/491/491 630/506/506 629/505/505
f 615/491/491 616/492/492 631/507/507 630/506/506
f 616/492/492 617/493/493 632/508/508 631/507/507
f 617/493/493 618/494/494 633/509/509 632/508/508
f 618/494/494 619/495/495 634/510/510 633/509/509
f 619/495/495 620/496/496 635/511/511 634/510/510
f 620/496/496 621/497/497 636/512/512 635/511/511
f 621/497/497 622/498/498 637/513/513 636/512/512
f 622/498/498 623/499/499 638/514/514 637/513/513
f 4/515/515 83/516/516 414/290/290 143/517/517
f 83/516/516 82/518/518 415/291/291 414/290/290
f 82/518/518 81/519/519 416/294/294 415/291/291
f 81/519/519 80/520/520 417/296/296 416/294/294
f 80/520/520 79/521/521 418/298/298 417/296/296
f 79/521/521 78/522/522 419/300/300 418/298/298
f 78/522/522 77/523/523 420/302/302 419/300/300
f 77/523/523 76/524/524 421/304/304 420/302/302
f 76/524/524 75/525/525 422/306/306 421/304/304
f 75/525/525 74/526/526 423/308/308 422/306/306
f 74/526/526 73/527/527 424/310/310 423/308/308
f 73/527/527 72/528/528 425/312/312 424/310/310
f 72/528/528 71/529/529 426/314/314 425/312/312
f 71/529/529 70/530/530 427/316/316 426/314/314
f 70/530/530 69/531/531 428/318/318 427/316/316
f 69/531/531 3/276/276 99/532/274 428/318/318
f 428/318/318 99/532/274 100/533/273 443/319/319
f 443/319/319 100/533/273 101/534/272 458/334/334
f 458/334/334 101/534/272 102/535/271 473/349/349
f 473/349/349 102/535/271 103/536/270 488/364/364
f 488/364/364 103/536/270 104/537/269 503/379/379
f 503/379/379 104/537/269 105/538/268 518/394/394
f 518/394/394 105/538/268 106/539/267 533/409/409
f 533/409/409 106/539/267 107/540/266 548/424/424
f 548/424/424 107/540/266 108/541/265 563/439/439
f 563/439/439 108/541/265 109/542/264 578/454/454
f 578/454/454 109/542/264 110/543/263 593/469/469
f 593/469/469 110/543/263 111/544/262 608/484/484
f 608/484/484 111/544/262 112/545/261 623/499/499
f 623/499/499 112/545/261 113/546/260 638/514/514
f 638/514/514 113/546/260 7/547/259 68/548/532
f 637/513/513 638/514/514 68/548/532 67/549/533
f 636/512/512 637/513/513 67/549/533 66/550/534
f 635/511/511 636/512/512 66/550/534 65/551/535
f 634/510/510 635/511/511 65/551/535 64/552/536
f 633/509/509 634/510/510 64/552/536 63/553/537
f 632/508/508 633/509/509 63/553/537 62/554/538
f 631/507/507 632/508/508 62/554/538 61/555/539
f 630/506/506 631/507/507 61/555/539 60/556/540
f 629/505/505 630/506/506 60/556/540 59/557/541
f 628/504/504 629/505/505 59/557/541 58/558/542
f 627/503/503 628/504/504 58/558/542 57/559/543
f 626/502/502 627/503/503 57/559/543 56/560/544
f 625/500/500 626/502/502 56/560/544 55/561/545
f 624/501/501 625/500/500 55/561/545 54/562/546
f 129/563/547 624/501/501 54/562/546 8/564/548
f 130/565/549 609/486/486 624/501/501 129/563/547
f 131/566/550 594/471/471 609/486/486 130/565/549
f 132/567/551 579/456/456 594/471/471 131/566/550
f 133/568/552 564/441/441 579/456/456 132/567/551
f 134/569/553 549/426/426 564/441/441 133/568/552
f 135/570/554 534/411/411 549/426/426 134/569/553
f 136/571/555 519/396/396 534/411/411 135/570/554
f 137/572/556 504/381/381 519/396/396 136/571/555
f 138/573/557 489/366/366 504/381/381 137/572/556
f 139/574/558 474/351/351 489/366/366 138/573/557
f 140/575/559 459/336/336 474/351/351 139/574/558
f 141/576/560 444/321/321 459/336/336 140/575/559
f 142/577/561 429/293/293 444/321/321 141/576/560
f 143/517/517 414/290/290 429/293/293 142/577/561
f 639/578/562 640/579/563 655/580/564 654/581/565
f 640/579/563 641/582/566 656/583/567 655/580/564
f 641/582/566 642/584/568 657/585/569 656/583/567
f 642/584/568 643/586/570 658/587/571 657/585/569
f 643/586/570 644/588/572 659/589/573 658/587/571
f 644/588/572 645/590/574 660/591/575 659/589/573
f 645/590/574 646/592/576 661/593/577 660/591/575
f 646/592/576 647/594/578 662/595/579 661/593/577
f 647/594/578 648/596/580 663/597/581 662/595/579
f 648/596/580 649/598/582 664/599/583 663/597/581
f 649/598/582 650/600/584 665/601/585 664/599/583
f 650/600/584 651/602/586 666/603/587 665/601/585
f 651/602/586 652/604/588 667/605/589 666/603/587
f 652/604/588 653/606/590 668/607/591 667/605/589
f 654/581/565 655/580/564 670/608/592 669/609/593
f 655/580/564 656/583/567 671/610/594 670/608/592
f 656/583/567 657/585/569 672/611/595 671/610/594
f 657/585/569 658/587/571 673/612/596 672/611/595
f 658/587/571 659/589/573 674/613/597 673/612/596
f 659/589/573 660/591/575 675/614/598 674/613/597
f 660/591/575 661/593/577 676/615/599 675/614/598
f 661/593/577 662/595/579 677/616/600 676/615/599
f 662/595/579 663/597/581 678/617/601 677/616/600
f 663/597/581 664/599/583 679/618/602 678/617/601
f 664/599/583 665/601/585 680/619/603 679/618/602
f 665/601/585 666/603/587 681/620/604 680/619/603
f 666/603/587 667/605/589 682/621/605 681/620/604
f 667/605/589 668/607/591 683/622/606 682/621/605
f 669/609/593 670/608/592 685/623/607 684/624/608
f 670/608/592 671/610/594 686/625/609 685/623/607
f 671/610/594 672/611/595 687/626/610 686/625/609
f 672/611/595 673/612/596 688/627/611 687/626/610
f 673/612/596 674/613/597 689/628/612 688/627/611
f 674/613/597 675/614/598 690/629/613 689/628/612
f 675/614/598 676/615/599 691/630/614 690/629/613
f 676/615/599 677/616/600 692/631/615 691/630/614
f 677/616/600 678/617/601 693/632/616 692/631/615
f 678/617/601 679/618/602 694/633/617 693/632/616
f 679/618/602 680/619/603 695/634/618 694/633/617
f 680/619/603 681/620/604 696/635/619 695/634/618
f 681/620/604 682/621/605 697/636/620 696/635/619
f 682/621/605 683/622/606 698/637/621 697/636/620
f 684/624/608 685/623/607 700/638/622 699/639/623
f 685/623/607 686/625/609 701/640/624 700/638/622
f 686/625/609 687/626/610 702/641/625 701/640/624
f 687/626/610 688/627/611 703/642/626 702/641/625
f 688/627/611 689/628/612 704/643/627 703/642/626
f 689/628/612 690/629/613 705/644/628 704/643/627
f 690/629/613 691/630/614 706/645/629 705/644/628
f 691/630/614 692/631/615 707/646/630 706/645/629
f 692/631/615 693/632/616 708/647/631 707/646/630
f 693/632/616 694/633/617 709/648/632 708/647/631
f 694/633/617 695/634/618 710/649/633 709/648/632
f 695/634/618 696/635/619 711/650/634 710/649/633
f 696/635/619 697/636/620 712/651/635 711/650/634
f 697/636/620 698/637/621 713/652/636 712/651/635
f 699/639/623 700/638/622 715/653/637 714/654/638
f 700/638/622 701/640/624 716/655/639 715/653/637
f 701/640/624 702/641/625 717/656/640 716/655/639
f 702/641/625 703/642/626 718/657/641 717/656/640
f 703/642/626 704/643/627 719/658/642 718/657/641
f 704/643/627 705/644/628 720/659/643 719/658/642
f 705/644/628 706/645/629 721/660/644 720/659/643
f 706/645/629 707/646/630 722/661/645 721/660/644
f 707/646/630 708/647/631 723/662/646 722/661/645
f 708/647/631 709/648/632 724/663/647 723/662/646
f 709/648/632 710/649/633 725/664/648 724/663/647
f 710/649/633 711/650/634 726/665/649 725/664/648
f 711/650/634 712/651/635 727/666/650 726/665/649
f 712/651/635 713/652/636 728/667/651 727/666/650
f 714/654/638 715/653/637 730/668/652 729/669/653
f 715/653/637 716/655/639 731/670/654 730/668/652
f 716/655/639 717/656/640 732/671/655 731/670/654
f 717/656/640 718/657/641 733/672/656 732/671/655
f 718/657/641 719/658/642 734/673/657 733/672/656
f 719/658/642 720/659/643 735/674/658 734/673/657
f 720/659/643 721/660/644 736/675/659 735/674/658
f 721/660/644 722/661/645 737/676/660 736/675/659
f 722/661/645 723/662/646 738/677/661 737/676/660
f 723/662/646 724/663/647 739/678/662 738/677/661
f 724/663/647 725/664/648 740/679/663 739/678/662
f 725/664/648 726/665/649 741/680/664 740/679/663
f 726/665/649 727/666/650 742/681/665 741/680/664
f 727/666/650 728/667/651 743/682/666 742/681/665
f 729/669/653 730/668/652 745/683/667 744/684/668
f 730/668/652 731/670/654 746/685/669 745/683/667
f 731/670/654 732/671/655 747/686/670 746/685/669
f 732/671/655 733/672/656 748/687/671 747/686/670
f 733/672/656 734/673/657 749/688/672 748/687/671
f 734/673/657 735/674/658 750/689/673 749/688/672
f 735/674/658 736/675/659 751/690/674 750/689/673
f 736/675/659 737/676/660 752/691/675 751/690/674
f 737/676/660 738/677/661 753/692/676 752/691/675
f 738/677/661 739/678/662 754/693/677 753/692/676
f 739/678/662 740/679/663 755/694/678 754/693/677
f 740/679/663 741/680/664 756/695/679 755/694/678
f 741/680/664 742/681/665 757/696/680 756/695/679
f 742/681/665 743/682/666 758/697/681 757/696/680
f 744/684/668 745/683/667 760/698/682 759/699/683
f 745/683/667 746/685/669 761/700/684 760/698/682
f 746/685/669 747/686/670 762/701/685 761/700/684
f 747/686/670 748/687/671 763/702/686 762/701/685
f 748/687/671 749/688/672 764/703/687 763/702/686
f 749/688/672 750/689/673 765/704/688 764/703/687
f 750/689/673 751/690/674 766/705/689 765/704/688
f 751/690/674 752/691/675 767/706/690 766/705/689
f 752/691/675 753/692/676 768/707/691 767/706/690
f 753/692/676 754/693/677 769/708/692 768/707/691
f 754/693/677 755/694/678 770/709/693 769/708/692
f 755/694/678 756/695/679 771/710/694 770/709/693
f 756/695/679 757/696/680 772/711/695 771/710/694
f 757/696/680 758/697/681 773/712/696 772/711/695
f 759/699/683 760/698/682 775/713/697 774/714/698
f 760/698/682 761/700/684 776/715/699 775/713/697
f 761/700/684 762/701/685 777/716/700 776/715/699
f 762/701/685 763/702/686 778/717/701 777/716/700
f 763/702/686 764/703/687 779/718/702 778/717/701
f 764/703/687 765/704/688 780/719/703 779/718/702
f 765/704/688 766/705/689 781/720/704 780/719/703
f 766/705/689 767/706/690 782/721/705 781/720/704
f 767/706/690 768/707/691 783/722/706 782/721/705
f 768/707/691 769/708/692 784/723/707 783/722/706
f 769/708/692 770/709/693 785/724/708 784/723/707
f 770/709/693 771/710/694 786/725/709 785/724/708
f 771/710/694 772/711/695 787/726/710 786/725/709
f 772/711/695 773/712/696 788/727/711 787/726/710
f 774/714/698 775/713/697 790/728/712 789/729/713
f 775/713/697 776/715/699 791/730/714 790/728/712
f 776/715/699 777/716/700 792/731/715 791/730/714
f 777/716/700 778/717/701 793/732/716 792/731/715
f 778/717/701 779/718/702 794/733/717 793/732/716
f 779/718/702 780/719/703 795/734/718 794/733/717
f 780/719/703 781/720/704 796/735/719 795/734/718
f 781/720/704 782/721/705 797/736/720 796/735/719
f 782/721/705 783/722/706 798/737/721 797/736/720
f 783/722/706 784/723/707 799/738/722 798/737/721
f 784/723/707 785/724/708 800/739/723 799/738/722
f 785/724/708 786/725/709 801/740/724 800/739/723
f 786/725/709 787/726/710 802/741/725 801/740/724
f 787/726/710 788/727/711 803/742/726 802/741/725
f 789/729/713 790/728/712 805/743/727 804/744/728
f 790/728/712 791/730/714 806/745/729 805/743/727
f 791/730/714 792/731/715 807/746/730 806/745/729
f 792/731/715 793/732/716 808/747/731 807/746/730
f 793/732/716 794/733/717 809/748/732 808/747/731
f 794/733/717 795/734/718 810/749/733 809/748/732
f 795/734/718 796/735/719 811/750/734 810/749/733
f 796/735/719 797/736/720 812/751/735 811/750/734
f 797/736/720 798/737/721 813/752/736 812/751/735
f 798/737/721 799/738/722 814/753/737 813/752/736
f 799/738/722 800/739/723 815/754/738 814/753/737
f 800/739/723 801/740/724 816/755/739 815/754/738
f 801/740/724 802/741/725 817/756/740 816/755/739
f 802/741/725 803/742/726 818/757/741 817/756/740
f 804/744/728 805/743/727 820/758/742 819/759/743
f 805/743/727 806/745/729 821/760/744 820/758/742
f 806/745/729 807/746/730 822/761/745 821/760/744
f 807/746/730 808/747/731 823/762/746 822/761/745
f 808/747/731 809/748/732 824/763/747 823/762/746
f 809/748/732 810/749/733 825/764/748 824/763/747
f 810/749/733 811/750/734 826/765/749 825/764/748
f 811/750/734 812/751/735 827/766/750 826/765/749
f 812/751/735 813/752/736 828/767/751 827/766/750
f 813/752/736 814/753/737 829/768/752 828/767/751
f 814/753/737 815/754/738 830/769/753 829/768/752
f 815/754/738 816/755/739 831/770/754 830/769/753
f 816/755/739 817/756/740 832/771/755 831/770/754
f 817/756/740 818/757/741 833/772/756 832/771/755
f 819/759/743 820/758/742 835/773/757 834/774/758
f 820/758/742 821/760/744 836/775/759 835/773/757
f 821/760/744 822/761/745 837/776/760 836/775/759
f 822/761/745 823/762/746 838/777/761 837/776/760
f 823/762/746 824/763/747 839/778/762 838/777/761
f 824/763/747 825/764/748 840/779/763 839/778/762
f 825/764/748 826/765/749 841/780/764 840/779/763
f 826/765/749 827/766/750 842/781/765 841/780/764
f 827/766/750 828/767/751 843/782/766 842/781/765
f 828/767/751 829/768/752 844/783/767 843/782/766
f 829/768/752 830/769/753 845/784/768 844/783/767
f 830/769/753 831/770/754 846/785/769 845/784/768
f 831/770/754 832/771/755 847/786/770 846/785/769
f 832/771/755 833/772/756 848/787/771 847/786/770
f 834/774/758 835/773/757 850/788/772 849/789/773
f 835/773/757 836/775/759 851/790/774 850/788/772
f 836/775/759 837/776/760 852/791/775 851/790/774
f 837/776/760 838/777/761 853/792/776 852/791/775
f 838/777/761 839/778/762 854/793/777 853/792/776
f 839/778/762 840/779/763 855/794/778 854/793/777
f 840/779/763 841/780/764 856/795/779 855/794/778
f 841/780/764 842/781/765 857/796/780 856/795/779
f 842/781/765 843/782/766 858/797/781 857/796/780
f 843/782/766 844/783/767 859/798/782 858/797/781
f 844/783/767 845/784/768 860/799/783 859/798/782
f 845/784/768 846/785/769 861/800/784 860/799/783
f 846/785/769 847/786/770 862/801/785 861/800/784
f 847/786/770 848/787/771 863/802/786 862/801/785
f 8/803/548 54/804/546 639/578/562 23/805/787
f 54/804/546 55/806/545 640/579/563 639/578/562
f 55/806/545 56/807/544 641/582/566 640/579/563
f 56/807/544 57/808/543 642/584/568 641/582/566
f 57/808/543 58/809/542 643/586/570 642/584/568
f 58/809/542 59/810/541 644/588/572 643/586/570
f 59/810/541 60/811/540 645/590/574 644/588/572
f 60/811/540 61/812/539 646/592/576 645/590/574
f 61/812/539 62/813/538 647/594/578 646/592/576
f 62/813/538 63/814/537 648/596/580 647/594/578
f 63/814/537 64/815/536 649/598/582 648/596/580
f 64/815/536 65/816/535 650/600/584 649/598/582
f 65/816/535 66/817/534 651/602/586 650/600/584
f 66/817/534 67/818/533 652/604/588 651/602/586
f 67/818/533 68/819/532 653/606/590 652/604/588
f 68/819/532 7/820/259 144/821/258 653/606/590
f 653/606/590 144/821/258 145/822/257 668/607/591
f 668/607/591 145/822/257 146/823/256 683/622/606
f 683/622/606 146/823/256 147/824/255 698/637/621
f 698/637/621 147/824/255 148/825/254 713/652/636
f 713/652/636 148/825/254 149/826/253 728/667/651
f 728/667/651 149/826/253 150/827/252 743/682/666
f 743/682/666 150/827/252 151/828/251 758/697/681
f 758/697/681 151/828/251 152/829/250 773/712/696
f 773/712/696 152/829/250 153/830/249 788/727/711
f 788/727/711 153/830/249 154/831/248 803/742/726
f 803/742/726 154/831/248 155/832/247 818/757/741
f 818/757/741 155/832/247 156/833/246 833/772/756
f 833/772/756 156/833/246 157/834/245 848/787/771
f 848/787/771 157/834/245 158/835/244 863/802/786
f 863/802/786 158/835/244 5/836/243 84/837/788
f 862/801/785 863/802/786 84/837/788 85/838/789
f 861/800/784 862/801/785 85/838/789 86/839/790
f 860/799/783 861/800/784 86/839/790 87/840/791
f 859/798/782 860/799/783 87/840/791 88/841/792
f 858/797/781 859/798/782 88/841/792 89/842/793
f 857/796/780 858/797/781 89/842/793 90/843/794
f 856/795/779 857/796/780 90/843/794 91/844/795
f 855/794/778 856/795/779 91/844/795 92/845/796
f 854/793/777 855/794/778 92/845/796 93/846/797
f 853/792/776 854/793/777 93/846/797 94/847/798
f 852/791/775 853/792/776 94/847/798 95/848/799
f 851/790/774 852/791/775 95/848/799 96/849/800
f 850/788/772 851/790/774 96/849/800 97/850/801
f 849/789/773 850/788/772 97/850/801 98/851/802
f 9/852/803 849/789/773 98/851/802 6/853/804
f 10/854/805 834/774/758 849/789/773 9/852/803
f 11/855/806 819/759/743 834/774/758 10/854/805
f 12/856/807 804/744/728 819/759/743 11/855/806
f 13/857/808 789/729/713 804/744/728 12/856/807
f 14/858/809 774/714/698 789/729/713 13/857/808
f 15/859/810 759/699/683 774/714/698 14/858/809
f 16/860/811 744/684/668 759/699/683 15/859/810
f 17/861/812 729/669/653 744/684/668 16/860/811
f 18/862/813 714/654/638 729/669/653 17/861/812
f 19/863/814 699/639/623 714/654/638 18/862/813
f 20/864/815 684/624/608 699/639/623 19/863/814
f 21/865/816 669/609/593 684/624/608 20/864/815
f 22/866/817 654/581/565 669/609/593 21/865/816
f 23/805/787 639/578/562 654/581/565 22/866/817
f 864/867/818 865/868/819 880/869/820 879/870/821
f 865/868/819 866/871/822 881/872/823 880/869/820
f 866/871/822 867/873/824 882/874/825 881/872/823
f 867/873/824 868/875/826 883/876/827 882/874/825
f 868/875/826 869/877/828 884/878/829 883/876/827
f 869/877/828 870/879/830 885/880/831 884/878/829
f 870/879/830 871/881/832 886/882/833 885/880/831
f 871/881/832 872/883/834 887/884/835 886/882/833
f 872/883/834 873/885/836 888/886/837 887/884/835
f 873/885/836 874/887/838 889/888/839 888/886/837
f 874/887/838 875/889/840 890/890/841 889/888/839
f 875/889/840 876/891/842 891/892/843 890/890/841
f 876/891/842 877/893/844 892/894/845 891/892/843
f 877/893/844 878/895/846 893/896/847 892/894/845
f 879/870/821 880/869/820 895/897/848 894/898/849
f 880/869/820 881/872/823 896/899/850 895/897/848
f 881/872/823 882/874/825 897/900/851 896/899/850
f 882/874/825 883/876/827 898/901/852 897/900/851
f 883/876/827 884/878/829 899/902/853 898/901/852
f 884/878/829 885/880/831 900/903/854 899/902/853
f 885/880/831 886/882/833 901/904/855 900/903/854
f 886/882/833 887/884/835 902/905/856 901/904/855
f 887/884/835 888/886/837 903/906/857 902/905/856
f 888/886/837 889/888/839 904/907/858 903/906/857
f 889/888/839 890/890/841 905/908/859 904/907/858
f 890/890/841 891/892/843 906/909/860 905/908/859
f 891/892/843 892/894/845 907/910/861 906/909/860
f 892/894/845 893/896/847 908/911/862 907/910/861
f 894/898/849 895/897/848 910/912/863 909/913/864
f 895/897/848 896/899/850 911/914/865 910/912/863
f 896/899/850 897/900/851 912/915/866 911/914/865
f 897/900/851 898/901/852 913/916/867 912/915/866
f 898/901/852 899/902/853 914/917/868 913/916/867
f 899/902/853 900/903/854 915/918/869 914/917/868
f 900/903/854 901/904/855 916/919/870 915/918/869
f 901/904/855 902/905/856 917/920/871 916/919/870
f 902/905/856 903/906/857 918/921/872 917/920/871
f 903/906/857 904/907/858 919/922/873 918/921/872
f 904/907/858 905/908/859 920/923/874 919/922/873
f 905/908/859 906/909/860 921/924/875 920/923/874
f 906/909/860 907/910/861 922/925/876 921/924/875
f 907/910/861 908/911/862 923/926/877 922/925/876
f 909/913/864 910/912/863 925/927/878 924/928/879
f 910/912/863 911/914/865 926/929/880 925/927/878
f 911/914/865 912/915/866 927/930/881 926/929/880
f 912/915/866 913/916/867 928/931/882 927/930/881
f 913/916/867 914/917/868 929/932/883 928/931/882
f 914/917/868 915/918/869 930/933/884 929/932/883
f 915/918/869 916/919/870 931/934/885 930/933/884
f 916/919/870 917/920/871 932/935/886 931/934/885
f 917/920/871 918/921/872 933/936/887 932/935/886
f 918/921/872 919/922/873 934/937/888 933/936/887
f 919/922/873 920/923/874 935/938/889 934/937/888
f 920/923/874 921/924/875 936/939/890 935/938/889
f 921/924/875 922/925/876 937/940/891 936/939/890
f 922/925/876 923/926/877 938/941/892 937/940/891
f 924/928/879 925/927/878 940/942/893 939/943/894
f 925/927/878 926/929/880 941/944/895 940/942/893
f 926/929/880 927/930/881 942/945/896 941/944/895
f 927/930/881 928/931/882 943/946/897 942/945/896
f 928/931/882 929/932/883 944/947/898 943/946/897
f 929/932/883 930/933/884 945/948/899 944/947/898
f 930/933/884 931/934/885 946/949/900 945/948/899
f 931/934/885 932/935/886 947/950/901 946/949/900
f 932/935/886 933/936/887 948/951/902 947/950/901
f 933/936/887 934/937/888 949/952/903 948/951/902
f 934/937/888 935/938/889 950/953/904 949/952/903
f 935/938/889 936/939/890 951/954/905 950/953/904
f 936/939/890 937/940/891 952/955/906 951/954/905
f 937/940/891 938/941/892 953/956/907 952/955/906
f 939/943/894 940/942/893 955/957/908 954/958/909
f 940/942/893 941/944/895 956/959/910 955/957/908
f 941/944/895 942/945/896 957/960/911 956/959/910
f 942/945/896 943/946/897 958/961/912 957/960/911
f 943/946/897 944/947/898 959/962/913 958/961/912
f 944/947/898 945/948/899 960/963/914 959/962/913
f 945/948/899 946/949/900 961/964/915 960/963/914
f 946/949/900 947/950/901 962/965/916 961/964/915
f 947/950/901 948/951/902 963/966/917 962/965/916
f 948/951/902 949/952/903 964/967/918 963/966/917
f 949/952/903 950/953/904 965/968/919 964/967/918
f 950/953/904 951/954/905 966/969/920 965/968/919
f 951/954/905 952/955/906 967/970/921 966/969/920
f 952/955/906 953/956/907 968/971/922 967/970/921
f 954/958/909 955/957/908 970/972/923 969/973/924
f 955/957/908 956/959/910 971/974/925 970/972/923
f 956/959/910 957/960/911 972/975/926 971/974/925
f 957/960/911 958/961/912 973/976/927 972/975/926
f 958/961/912 959/962/913 974/977/928 973/976/927
f 959/962/913 960/963/914 975/978/929 974/977/928
f 960/963/914 961/964/915 976/979/930 975/978/929
f 961/964/915 962/965/916 977/980/931 976/979/930
f 962/965/916 963/966/917 978/981/932 977/980/931
f 963/966/917 964/967/918 979/982/933 978/981/932
f 964/967/918 965/968/919 980/983/934 979/982/933
f 965/968/919 966/969/920 981/984/935 980/983/934
f 966/969/920 967/970/921 982/985/936 981/984/935
f 967/970/921 968/971/922 983/986/937 982/985/936
f 969/973/924 970/972/923 985/987/938 984/988/939
f 970/972/923 971/974/925 986/989/940 985/987/938
f 971/974/925 972/975/926 987/990/941 986/989/940
f 972/975/926 973/976/927 988/991/942 987/990/941
f 973/976/927 974/977/928 989/992/943 988/991/942
f 974/977/928 975/978/929 990/993/944 989/992/943
f 975/978/929 976/979/930 991/994/945 990/993/944
f 976/979/930 977/980/931 992/995/946 991/994/945
f 977/980/931 978/981/932 993/996/947 992/995/946
f 978/981/932 979/982/933 994/997/948 993/996/947
f 979/982/933 980/983/934 995/998/949 994/997/948
f 980/983/934 981/984/935 996/999/950 995/998/949
f 981/984/935 982/985/936 997/1000/951 996/999/950
f 982/985/936 983/986/937 998/1001/952 997/1000/951
f 984/988/939 985/987/938 1000/1002/953 999/1003/954
f 985/987/938 986/989/940 1001/1004/955 1000/1002/953
f 986/989/940 987/990/941 1002/1005/956 1001/1004/955
f 987/990/941 988/991/942 1003/1006/957 1002/1005/956
f 988/991/942 989/992/943 1004/1007/958 1003/1006/957
f 989/992/943 990/993/944 1005/1008/959 1004/1007/958
f 990/993/944 991/994/945 1006/1009/960 1005/1008/959
f 991/994/945 992/995/946 1007/1010/961 1006/1009/960
f 992/995/946 993/996/947 1008/1011/962 1007/1010/961
f 993/996/947 994/997/948 1009/1012/963 1008/1011/962
f 994/997/948 995/998/949 1010/1013/964 1009/1012/963
f 995/998/949 996/999/950 1011/1014/965 1010/1013/964
f 996/999/950 997/1000/951 1012/1015/966 1011/1014/965
f 997/1000/951 998/1001/952 1013/1016/967 1012/1015/966
f 999/1003/954 1000/1002/953 1015/1017/968 1014/1018/969
f 1000/1002/953 1001/1004/955 1016/1019/970 1015/1017/968
f 1001/1004/955 1002/1005/956 1017/1020/971 1016/1019/970
f 1002/1005/956 1003/1006/957 1018/1021/972 1017/1020/971
f 1003/1006/957 1004/1007/958 1019/1022/973 1018/1021/972
f 1004/1007/958 1005/1008/959 1020/1023/974 1019/1022/973
f 1005/1008/959 1006/1009/960 1021/1024/975 1020/1023/974
f 1006/1009/960 1007/1010/961 1022/1025/976 1021/1024/975
f 1007/1010/961 1008/1011/962 1023/1026/977 1022/1025/976
f 1008/1011/962 1009/1012/963 1024/1027/978 1023/1026/977
f 1009/1012/963 1010/1013/964 1025/1028/979 1024/1027/978
f 1010/1013/964 1011/1014/965 1026/1029/980 1025/1028/979
f 1011/1014/965 1012/1015/966 1027/1030/981 1026/1029/980
f 1012/1015/966 1013/1016/967 1028/1031/982 1027/1030/981
f 1014/1018/969 1015/1017/968 1030/1032/983 1029/1033/984
f 1015/1017/968 1016/1019/970 1031/1034/985 1030/1032/983
f 1016/1019/970 1017/1020/971 1032/1035/986 1031/1034/985
f 1017/1020/971 1018/1021/972 1033/1036/987 1032/1035/986
f 1018/1021/972 1019/1022/973 1034/1037/988 1033/1036/987
f 1019/1022/973 1020/1023/974 1035/1038/989 1034/1037/988
f 1020/1023/974 1021/1024/975 1036/1039/990 1035/1038/989
f 1021/1024/975 1022/1025/976 1037/1040/991 1036/1039/990
f 1022/1025/976 1023/1026/977 1038/1041/992 1037/1040/991
f 1023/1026/977 1024/1027/978 1039/1042/993 1038/1041/992
f 1024/1027/978 1025/1028/979 1040/1043/994 1039/1042/993
f 1025/1028/979 1026/1029/980 1041/1044/995 1040/1043/994
f 1026/1029/980 1027/1030/981 1042/1045/996 1041/1044/995
f 1027/1030/981 1028/1031/982 1043/1046/997 1042/1045/996
f 1029/1033/984 1030/1032/983 1045/1047/998 1044/1048/999
f 1030/1032/983 1031/1034/985 1046/1049/1000 1045/1047/998
f 1031/1034/985 1032/1035/986 1047/1050/1001 1046/1049/1000
f 1032/1035/986 1033/1036/987 1048/1051/1002 1047/1050/1001
f 1033/1036/987 1034/1037/988 1049/1052/1003 1048/1051/1002
f 1034/1037/988 1035/1038/989 1050/1053/1004 1049/1052/1003
f 1035/1038/989 1036/1039/990 1051/1054/1005 1050/1053/1004
f 1036/1039/990 1037/1040/991 1052/1055/1006 1051/1054/1005
f 1037/1040/991 1038/1041/992 1053/1056/1007 1052/1055/1006
f 1038/1041/992 1039/1042/993 1054/1057/1008 1053/1056/1007
f 1039/1042/993 1040/1043/994 1055/1058/1009 1054/1057/1008
f 1040/1043/994 1041/1044/995 1056/1059/1010 1055/1058/1009
f 1041/1044/995 1042/1045/996 1057/1060/1011 1056/1059/1010
f 1042/1045/996 1043/1046/997 1058/1061/1012 1057/1060/1011
f 1044/1048/999 1045/1047/998 1060/1062/1013 1059/1063/1014
f 1045/1047/998 1046/1049/1000 1061/1064/1015 1060/1062/1013
f 1046/1049/1000 1047/1050/1001 1062/1065/1016 1061/1064/1015
f 1047/1050/1001 1048/1051/1002 1063/1066/1017 1062/1065/1016
f 1048/1051/1002 1049/1052/1003 1064/1067/1018 1063/1066/1017
f 1049/1052/1003 1050/1053/1004 1065/1068/1019 1064/1067/1018
f 1050/1053/1004 1051/1054/1005 1066/1069/1020 1065/1068/1019
f 1051/1054/1005 1052/1055/1006 1067/1070/1021 1066/1069/1020
f 1052/1055/1006 1053/1056/1007 1068/1071/1022 1067/1070/1021
f 1053/1056/1007 1054/1057/1008 1069/1072/1023 1068/1071/1022
f 1054/1057/1008 1055/1058/1009 1070/1073/1024 1069/1072/1023
f 1055/1058/1009 1056/1059/1010 1071/1074/1025 1070/1073/1024
f 1056/1059/1010 1057/1060/1011 1072/1075/1026 1071/1074/1025
f 1057/1060/1011 1058/1061/1012 1073/1076/1027 1072/1075/1026
f 1059/1063/1014 1060/1062/1013 1075/1077/1028 1074/1078/1029
f 1060/1062/1013 1061/1064/1015 1076/1079/1030 1075/1077/1028
f 1061/1064/1015 1062/1065/1016 1077/1080/1031 1076/1079/1030
f 1062/1065/1016 1063/1066/1017 1078/1081/1032 1077/1080/1031
f 1063/1066/1017 1064/1067/1018 1079/1082/1033 1078/1081/1032
f 1064/1067/1018 1065/1068/1019 1080/1083/1034 1079/1082/1033
f 1065/1068/1019 1066/1069/1020 1081/1084/1035 1080/1083/1034
f 1066/1069/1020 1067/1070/1021 1082/1085/1036 1081/1084/1035
f 1067/1070/1021 1068/1071/1022 1083/1086/1037 1082/1085/1036
f 1068/1071/1022 1069/1072/1023 1084/1087/1038 1083/1086/1037
f 1069/1072/1023 1070/1073/1024 1085/1088/1039 1084/1087/1038
f 1070/1073/1024 1071/1074/1025 1086/1089/1040 1085/1088/1039
f 1071/1074/1025 1072/1075/1026 1087/1090/1041 1086/1089/1040
f 1072/1075/1026 1073/1076/1027 1088/1091/1042 1087/1090/1041
f 6/1092/804 38/1093/1043 864/867/818 9/1094/803
f 38/1093/1043 37/1095/1044 865/868/819 864/867/818
f 37/1095/1044 36/1096/1045 866/871/822 865/868/819
f 36/1096/1045 35/1097/1046 867/873/824 866/871/822
f 35/1097/1046 34/1098/1047 868/875/826 867/873/824
f 34/1098/1047 33/1099/1048 869/877/828 868/875/826
f 33/1099/1048 32/1100/1049 870/879/830 869/877/828
f 32/1100/1049 31/1101/1050 871/881/832 870/879/830
f 31/1101/1050 30/1102/1051 872/883/834 871/881/832
f 30/1102/1051 29/1103/1052 873/885/836 872/883/834
f 29/1103/1052 28/1104/1053 874/887/838 873/885/836
f 28/1104/1053 27/1105/1054 875/889/840 874/887/838
f 27/1105/1054 26/1106/1055 876/891/842 875/889/840
f 26/1106/1055 25/1107/1056 877/893/844 876/891/842
f 25/1107/1056 24/1108/1057 878/895/846 877/893/844
f 24/1108/1057 2/1109/1058 188/1110/1059 878/895/846
f 878/895/846 188/1110/1059 187/1111/1060 893/896/847
f 893/896/847 187/1111/1060 186/1112/1061 908/911/862
f 908/911/862 186/1112/1061 185/1113/1062 923/926/877
f 923/926/877 185/1113/1062 184/1114/1063 938/941/892
f 938/941/892 184/1114/1063 183/1115/1064 953/956/907
f 953/956/907 183/1115/1064 182/1116/1065 968/971/922
f 968/971/922 182/1116/1065 181/1117/1066 983/986/937
f 983/986/937 181/1117/1066 180/1118/1067 998/1001/952
f 998/1001/952 180/1118/1067 179/1119/1068 1013/1016/967
f 1013/1016/967 179/1119/1068 178/1120/1069 1028/1031/982
f 1028/1031/982 178/1120/1069 177/1121/1070 1043/1046/997
f 1043/1046/997 177/1121/1070 176/1122/1071 1058/1061/1012
f 1058/1061/1012 176/1122/1071 175/1123/1072 1073/1076/1027
f 1073/1076/1027 175/1123/1072 174/1124/1073 1088/1091/1042
f 1088/1091/1042 174/1124/1073 4/515/515 143/1125/517
f 1087/1090/1041 1088/1091/1042 143/1125/517 142/1126/561
f 1086/1089/1040 1087/1090/1041 142/1126/561 141/1127/560
f 1085/1088/1039 1086/1089/1040 141/1127/560 140/1128/559
f 1084/1087/1038 1085/1088/1039 140/1128/559 139/1129/558
f 1083/1086/1037 1084/1087/1038 139/1129/558 138/1130/557
f 1082/1085/1036 1083/1086/1037 138/1130/557 137/1131/556
f 1081/1084/1035 1082/1085/1036 137/1131/556 136/1132/555
f 1080/1083/1034 1081/1084/1035 136/1132/555 135/1133/554
f 1079/1082/1033 1080/1083/1034 135/1133/554 134/1134/553
f 1078/1081/1032 1079/1082/1033 134/1134/553 133/1135/552
f 1077/1080/1031 1078/1081/1032 133/1135/552 132/1136/551
f 1076/1079/1030 1077/1080/1031 132/1136/551 131/1137/550
f 1075/1077/1028 1076/1079/1030 131/1137/550 130/1138/549
f 1074/1078/1029 1075/1077/1028 130/1138/549 129/1139/547
f 23/1140/787 1074/1078/1029 129/1139/547 8/1141/548
f 22/1142/817 1059/1063/1014 1074/1078/1029 23/1140/787
f 21/1143/816 1044/1048/999 1059/1063/1014 22/1142/817
f 20/1144/815 1029/1033/984 1044/1048/999 21/1143/816
f 19/1145/814 1014/1018/969 1029/1033/984 20/1144/815
f 18/1146/813 999/1003/954 1014/1018/969 19/1145/814
f 17/1147/812 984/988/939 999/1003/954 18/1146/813
f 16/1148/811 969/973/924 984/988/939 17/1147/812
f 15/1149/810 954/958/909 969/973/924 16/1148/811
f 14/1150/809 939/943/894 954/958/909 15/1149/810
f 13/1151/808 924/928/879 939/943/894 14/1150/809
f 12/1152/807 909/913/864 924/928/879 13/1151/808
f 11/1153/806 894/898/849 909/913/864 12/1152/807
f 10/1154/805 879/870/821 894/898/849 11/1153/806
f 9/1094/803 864/867/818 879/870/821 10/1154/805
f 1089/1155/1074 1090/1156/1075 1105/1157/1076 1104/1158/1077
f 1090/1156/1075 1091/1159/1078 1106/1160/1079 1105/1157/1076
f 1091/1159/1078 1092/1161/1080 1107/1162/1081 1106/1160/1079
f 1092/1161/1080 1093/1163/1082 1108/1164/1083 1107/1162/1081
f 1093/1163/1082 1094/1165/1084 1109/1166/1085 1108/1164/1083
f 1094/1165/1084 1095/1167/1086 1110/1168/1087 1109/1166/1085
f 1095/1167/1086 1096/1169/1088 1111/1170/1089 1110/1168/1087
f 1096/1169/1088 1097/1171/1090 1112/1172/1091 1111/1170/1089
f 1097/1171/1090 1098/1173/1092 1113/1174/1093 1112/1172/1091
f 1098/1173/1092 1099/1175/1094 1114/1176/1095 1113/1174/1093
f 1099/1175/1094 1100/1177/1096 1115/1178/1097 1114/1176/1095
f 1100/1177/1096 1101/1179/1098 1116/1180/1099 1115/1178/1097
f 1101/1179/1098 1102/1181/1100 1117/1182/1101 1116/1180/1099
f 1102/1181/1100 1103/1183/1102 1118/1184/1103 1117/1182/1101
f 1104/1158/1077 1105/1157/1076 1120/1185/1104 1119/1186/1105
f 1105/1157/1076 1106/1160/1079 1121/1187/1106 1120/1185/1104
f 1106/1160/1079 1107/1162/1081 1122/1188/1107 1121/1187/1106
f 1107/1162/1081 1108/1164/1083 1123/1189/1108 1122/1188/1107
f 1108/1164/1083 1109/1166/1085 1124/1190/1109 1123/1189/1108
f 1109/1166/1085 1110/1168/1087 1125/1191/1110 1124/1190/1109
f 1110/1168/1087 1111/1170/1089 1126/1192/1111 1125/1191/1110
f 1111/1170/1089 1112/1172/1091 1127/1193/1112 1126/1192/1111
f 1112/1172/1091 1113/1174/1093 1128/1194/1113 1127/1193/1112
f 1113/1174/1093 1114/1176/1095 1129/1195/1114 1128/1194/1113
f 1114/1176/1095 1115/1178/1097 1130/1196/1115 1129/1195/1114
f 1115/1178/1097 1116/1180/1099 1131/1197/1116 1130/1196/1115
f 1116/1180/1099 1117/1182/1101 1132/1198/1117 1131/1197/1116
f 1117/1182/1101 1118/1184/1103 1133/1199/1118 1132/1198/1117
f 1119/1186/1105 1120/1185/1104 1135/1200/1119 1134/1201/1120
f 1120/1185/1104 1121/1187/1106 1136/1202/1121 1135/1200/1119
f 1121/1187/1106 1122/1188/1107 1137/1203/1122 1136/1202/1121
f 1122/1188/1107 1123/1189/1108 1138/1204/1123 1137/1203/1122
f 1123/1189/1108 1124/1190/1109 1139/1205/1124 1138/1204/1123
f 1124/1190/1109 1125/1191/1110 1140/1206/1125 1139/1205/1124
f 1125/1191/1110 1126/1192/1111 1141/1207/1126 1140/1206/1125
f 1126/1192/1111 1127/1193/1112 1142/1208/1127 1141/1207/1126
f 1127/1193/1112 1128/1194/1113 1143/1209/1128 1142/1208/1127
f 1128/1194/1113 1129/1195/1114 1144/1210/1129 1143/1209/1128
f 1129/1195/1114 1130/1196/1115 1145/1211/1130 1144/1210/1129
f 1130/1196/1115 1131/1197/1116 1146/1212/1131 1145/1211/1130
f 1131/1197/1116 1132/1198/1117 1147/1213/1132 1146/1212/1131
f 1132/1198/1117 1133/1199/1118 1148/1214/1133 1147/1213/1132
f 1134/1201/1120 1135/1200/1119 1150/1215/1134 1149/1216/1135
f 1135/1200/1119 1136/1202/1121 1151/1217/1136 1150/1215/1134
f 1136/1202/1121 1137/1203/1122 1152/1218/1137 1151/1217/1136
f 1137/1203/1122 1138/1204/1123 1153/1219/1138 1152/1218/1137
f 1138/1204/1123 1139/1205/1124 1154/1220/1139 1153/1219/1138
f 1139/1205/1124 1140/1206/1125 1155/1221/1140 1154/1220/1139
f 1140/1206/1125 1141/1207/1126 1156/1222/1141 1155/1221/1140
f 1141/1207/1126 1142/1208/1127 1157/1223/1142 1156/1222/1141
f 1142/1208/1127 1143/1209/1128 1158/1224/1143 1157/1223/1142
f 1143/1209/1128 1144/1210/1129 1159/1225/1144 1158/1224/1143
f 1144/1210/1129 1145/1211/1130 1160/1226/1145 1159/1225/1144
f 1145/1211/1130 1146/1212/1131 1161/1227/1146 1160/1226/1145
f 1146/1212/1131 1147/1213/1132 1162/1228/1147 1161/1227/1146
f 1147/1213/1132 1148/1214/1133 1163/1229/1148 1162/1228/1147
f 1149/1216/1135 1150/1215/1134 1165/1230/1149 1164/1231/1150
f 1150/1215/1134 1151/1217/1136 1166/1232/1151 1165/1230/1149
f 1151/1217/1136 1152/1218/1137 1167/1233/1152 1166/1232/1151
f 1152/1218/1137 1153/1219/1138 1168/1234/1153 1167/1233/1152
f 1153/1219/1138 1154/1220/1139 1169/1235/1154 1168/1234/1153
f 1154/1220/1139 1155/1221/1140 1170/1236/1155 1169/1235/1154
f 1155/1221/1140 1156/1222/1141 1171/1237/1156 1170/1236/1155
f 1156/1222/1141 1157/1223/1142 1172/1238/1157 1171/1237/1156
f 1157/1223/1142 1158/1224/1143 1173/1239/1158 1172/1238/1157
f 1158/1224/1143 1159/1225/1144 1174/1240/1159 1173/1239/1158
f 1159/1225/1144 1160/1226/1145 1175/1241/1160 1174/1240/1159
f 1160/1226/1145 1161/1227/1146 1176/1242/1161 1175/1241/1160
f 1161/1227/1146 1162/1228/1147 1177/1243/1162 1176/1242/1161
f 1162/1228/1147 1163/1229/1148 1178/1244/1163 1177/1243/1162
f 1164/1231/1150 1165/1230/1149 1180/1245/1164 1179/1246/1165
f 1165/1230/1149 1166/1232/1151 1181/1247/1166 1180/1245/1164
f 1166/1232/1151 1167/1233/1152 1182/1248/1167 1181/1247/1166
f 1167/1233/1152 1168/1234/1153 1183/1249/1168 1182/1248/1167
f 1168/1234/1153 1169/1235/1154 1184/1250/1169 1183/1249/1168
f 1169/1235/1154 1170/1236/1155 1185/1251/1170 1184/1250/1169
f 1170/1236/1155 1171/1237/1156 1186/1252/1171 1185/1251/1170
f 1171/1237/1156 1172/1238/1157 1187/1253/1172 1186/1252/1171
f 1172/1238/1157 1173/1239/1158 1188/1254/1173 1187/1253/1172
f 1173/1239/1158 1174/1240/1159 1189/1255/1174 1188/1254/1173
f 1174/1240/1159 1175/1241/1160 1190/1256/1175 1189/1255/1174
f 1175/1241/1160 1176/1242/1161 1191/1257/1176 1190/1256/1175
f 1176/1242/1161 1177/1243/1162 1192/1258/1177 1191/1257/1176
f 1177/1243/1162 1178/1244/1163 1193/1259/1178 1192/1258/1177
f 1179/1246/1165 1180/1245/1164 1195/1260/1179 1194/1261/1180
f 1180/1245/1164 1181/1247/1166 1196/1262/1181 1195/1260/1179
f 1181/1247/1166 1182/1248/1167 1197/1263/1182 1196/1262/1181
f 1182/1248/1167 1183/1249/1168 1198/1264/1183 1197/1263/1182
f 1183/1249/1168 1184/1250/1169 1199/1265/1184 1198/1264/1183
f 1184/1250/1169 1185/1251/1170 1200/1266/1185 1199/1265/1184
f 1185/1251/1170 1186/1252/1171 1201/1267/1186 1200/1266/1185
f 1186/1252/1171 1187/1253/1172 1202/1268/1187 1201/1267/1186
f 1187/1253/1172 1188/1254/1173 1203/1269/1188 1202/1268/1187
f 1188/1254/1173 1189/1255/1174 1204/1270/1189 1203/1269/1188
f 1189/1255/1174 1190/1256/1175 1205/1271/1190 1204/1270/1189
f 1190/1256/1175 1191/1257/1176 1206/1272/1191 1205/1271/1190
f 1191/1257/1176 1192/1258/1177 1207/1273/1192 1206/1272/1191
f 1192/1258/1177 1193/1259/1178 1208/1274/1193 1207/1273/1192
f 1194/1261/1180 1195/1260/1179 1210/1275/1194 1209/1276/1195
f 1195/1260/1179 1196/1262/1181 1211/1277/1196 1210/1275/1194
f 1196/1262/1181 1197/1263/1182 1212/1278/1197 1211/1277/1196
f 1197/1263/1182 1198/1264/1183 1213/1279/1198 1212/1278/1197
f 1198/1264/1183 1199/1265/1184 1214/1280/1199 1213/1279/1198
f 1199/1265/1184 1200/1266/1185 1215/1281/1200 1214/1280/1199
f 1200/1266/1185 1201/1267/1186 1216/1282/1201 1215/1281/1200
f 1201/1267/1186 1202/1268/1187 1217/1283/1202 1216/1282/1201
f 1202/1268/1187 1203/1269/1188 1218/1284/1203 1217/1283/1202
f 1203/1269/1188 1204/1270/1189 1219/1285/1204 1218/1284/1203
f 1204/1270/1189 1205/1271/1190 1220/1286/1205 1219/1285/1204
f 1205/1271/1190 1206/1272/1191 1221/1287/1206 1220/1286/1205
f 1206/1272/1191 1207/1273/1192 1222/1288/1207 1221/1287/1206
f 1207/1273/1192 1208/1274/1193 1223/1289/1208 1222/1288/1207
f 1209/1276/1195 1210/1275/1194 1225/1290/1209 1224/1291/1210
f 1210/1275/1194 1211/1277/1196 1226/1292/1211 1225/1290/1209
f 1211/1277/1196 1212/1278/1197 1227/1293/1212 1226/1292/1211
f 1212/1278/1197 1213/1279/1198 1228/1294/1213 1227/1293/1212
f 1213/1279/1198 1214/1280/1199 1229/1295/1214 1228/1294/1213
f 1214/1280/1199 1215/1281/1200 1230/1296/1215 1229/1295/1214
f 1215/1281/1200 1216/1282/1201 1231/1297/1216 1230/1296/1215
f 1216/1282/1201 1217/1283/1202 1232/1298/1217 1231/1297/1216
f 1217/1283/1202 1218/1284/1203 1233/1299/1218 1232/1298/1217
f 1218/1284/1203 1219/1285/1204 1234/1300/1219 1233/1299/1218
f 1219/1285/1204 1220/1286/1205 1235/1301/1220 1234/1300/1219
f 1220/1286/1205 1221/1287/1206 1236/1302/1221 1235/1301/1220
f 1221/1287/1206 1222/1288/1207 1237/1303/1222 1236/1302/1221
f 1222/1288/1207 1223/1289/1208 1238/1304/1223 1237/1303/1222
f 1224/1291/1210 1225/1290/1209 1240/1305/1224 1239/1306/1225
f 1225/1290/1209 1226/1292/1211 1241/1307/1226 1240/1305/1224
f 1226/1292/1211 1227/1293/1212 1242/1308/1227 1241/1307/1226
f 1227/1293/1212 1228/1294/1213 1243/1309/1228 1242/1308/1227
f 1228/1294/1213 1229/1295/1214 1244/1310/1229 1243/1309/1228
f 1229/1295/1214 1230/1296/1215 1245/1311/1230 1244/1310/1229
f 1230/1296/1215 1231/1297/1216 1246/1312/1231 1245/1311/1230
f 1231/1297/1216 1232/1298/1217 1247/1313/1232 1246/1312/1231
f 1232/1298/1217 1233/1299/1218 1248/1314/1233 1247/1313/1232
f 1233/1299/1218 1234/1300/1219 1249/1315/1234 1248/1314/1233
f 1234/1300/1219 1235/1301/1220 1250/1316/1235 1249/1315/1234
f 1235/1301/1220 1236/1302/1221 1251/1317/1236 1250/1316/1235
f 1236/1302/1221 1237/1303/1222 1252/1318/1237 1251/1317/1236
f 1237/1303/1222 1238/1304/1223 1253/1319/1238 1252/1318/1237
f 1239/1306/1225 1240/1305/1224 1255/1320/1239 1254/1321/1240
f 1240/1305/1224 1241/1307/1226 1256/1322/1241 1255/1320/1239
f 1241/1307/1226 1242/1308/1227 1257/1323/1242 1256/1322/1241
f 1242/1308/1227 1243/1309/1228 1258/1324/1243 1257/1323/1242
f 1243/1309/1228 1244/1310/1229 1259/1325/1244 1258/1324/1243
f 1244/1310/1229 1245/1311/1230 1260/1326/1245 1259/1325/1244
f 1245/1311/1230 1246/1312/1231 1261/1327/1246 1260/1326/1245
f 1246/1312/1231 1247/1313/1232 1262/1328/1247 1261/1327/1246
f 1247/1313/1232 1248/1314/1233 1263/1329/1248 1262/1328/1247
f 1248/1314/1233 1249/1315/1234 1264/1330/1249 1263/1329/1248
f 1249/1315/1234 1250/1316/1235 1265/1331/1250 1264/1330/1249
f 1250/1316/1235 1251/1317/1236 1266/1332/1251 1265/1331/1250
f 1251/1317/1236 1252/1318/1237 1267/1333/1252 1266/1332/1251
f 1252/1318/1237 1253/1319/1238 1268/1334/1253 1267/1333/1252
f 1254/1321/1240 1255/1320/1239 1270/1335/1254 1269/1336/1255
f 1255/1320/1239 1256/1322/1241 1271/1337/1256 1270/1335/1254
f 1256/1322/1241 1257/1323/1242 1272/1338/1257 1271/1337/1256
f 1257/1323/1242 1258/1324/1243 1273/1339/1258 1272/1338/1257
f 1258/1324/1243 1259/1325/1244 1274/1340/1259 1273/1339/1258
f 1259/1325/1244 1260/1326/1245 1275/1341/1260 1274/1340/1259
f 1260/1326/1245 1261/1327/1246 1276/1342/1261 1275/1341/1260
f 1261/1327/1246 1262/1328/1247 1277/1343/1262 1276/1342/1261
f 1262/1328/1247 1263/1329/1248 1278/1344/1263 1277/1343/1262
f 1263/1329/1248 1264/1330/1249 1279/1345/1264 1278/1344/1263
f 1264/1330/1249 1265/1331/1250 1280/1346/1265 1279/1345/1264
f 1265/1331/1250 1266/1332/1251 1281/1347/1266 1280/1346/1265
f 1266/1332/1251 1267/1333/1252 1282/1348/1267 1281/1347/1266
f 1267/1333/1252 1268/1334/1253 1283/1349/1268 1282/1348/1267
f 1269/1336/1255 1270/1335/1254 1285/1350/1269 1284/1351/1270
f 1270/1335/1254 1271/1337/1256 1286/1352/1271 1285/1350/1269
f 1271/1337/1256 1272/1338/1257 1287/1353/1272 1286/1352/1271
f 1272/1338/1257 1273/1339/1258 1288/1354/1273 1287/1353/1272
f 1273/1339/1258 1274/1340/1259 1289/1355/1274 1288/1354/1273
f 1274/1340/1259 1275/1341/1260 1290/1356/1275 1289/1355/1274
f 1275/1341/1260 1276/1342/1261 1291/1357/1276 1290/1356/1275
f 1276/1342/1261 1277/1343/1262 1292/1358/1277 1291/1357/1276
f 1277/1343/1262 1278/1344/1263 1293/1359/1278 1292/1358/1277
f 1278/1344/1263 1279/1345/1264 1294/1360/1279 1293/1359/1278
f 1279/1345/1264 1280/1346/1265 1295/1361/1280 1294/1360/1279
f 1280/1346/1265 1281/1347/1266 1296/1362/1281 1295/1361/1280
f 1281/1347/1266 1282/1348/1267 1297/1363/1282 1296/1362/1281
f 1282/1348/1267 1283/1349/1268 1298/1364/1283 1297/1363/1282
f 1284/1351/1270 1285/1350/1269 1300/1365/1284 1299/1366/1285
f 1285/1350/1269 1286/1352/1271 1301/1367/1286 1300/1365/1284
f 1286/1352/1271 1287/1353/1272 1302/1368/1287 1301/1367/1286
f 1287/1353/1272 1288/1354/1273 1303/1369/1288 1302/1368/1287
f 1288/1354/1273 1289/1355/1274 1304/1370/1289 1303/1369/1288
f 1289/1355/1274 1290/1356/1275 1305/1371/1290 1304/1370/1289
f 1290/1356/1275 1291/1357/1276 1306/1372/1291 1305/1371/1290
f 1291/1357/1276 1292/1358/1277 1307/1373/1292 1306/1372/1291
f 1292/1358/1277 1293/1359/1278 1308/1374/1293 1307/1373/1292
f 1293/1359/1278 1294/1360/1279 1309/1375/1294 1308/1374/1293
f 1294/1360/1279 1295/1361/1280 1310/1376/1295 1309/1375/1294
f 1295/1361/1280 1296/1362/1281 1311/1377/1296 1310/1376/1295
f 1296/1362/1281 1297/1363/1282 1312/1378/1297 1311/1377/1296
f 1297/1363/1282 1298/1364/1283 1313/1379/1298 1312/1378/1297
f 2/1109/1058 53/1380/1299 1089/1155/1074 188/1110/1059
f 53/1380/1299 52/1381/1300 1090/1156/1075 1089/1155/1074
f 52/1381/1300 51/1382/1301 1091/1159/1078 1090/1156/1075
f 51/1382/1301 50/1383/1302 1092/1161/1080 1091/1159/1078
f 50/1383/1302 49/1384/1303 1093/1163/1082 1092/1161/1080
f 49/1384/1303 48/1385/1304 1094/1165/1084 1093/1163/1082
f 48/1385/1304 47/1386/1305 1095/1167/1086 1094/1165/1084
f 47/1386/1305 46/1387/1306 1096/1169/1088 1095/1167/1086
f 46/1387/1306 45/1388/1307 1097/1171/1090 1096/1169/1088
f 45/1388/1307 44/1389/1308 1098/1173/1092 1097/1171/1090
f 44/1389/1308 43/1390/1309 1099/1175/1094 1098/1173/1092
f 43/1390/1309 42/1391/1310 1100/1177/1096 1099/1175/1094
f 42/1391/1310 41/1392/1311 1101/1179/1098 1100/1177/1096
f 41/1392/1311 40/1393/1312 1102/1181/1100 1101/1179/1098
f 40/1393/1312 39/1394/1313 1103/1183/1102 1102/1181/1100
f 39/1394/1313 1/226/226 114/228/228 1103/1183/1102
f 1103/1183/1102 114/228/228 115/289/289 1118/1184/1103
f 1118/1184/1103 115/289/289 116/288/288 1133/1199/1118
f 1133/1199/1118 116/288/288 117/287/287 1148/1214/1133
f 1148/1214/1133 117/287/287 118/286/286 1163/1229/1148
f 1163/1229/1148 118/286/286 119/285/285 1178/1244/1163
f 1178/1244/1163 119/285/285 120/284/284 1193/1259/1178
f 1193/1259/1178 120/284/284 121/283/283 1208/1274/1193
f 1208/1274/1193 121/283/283 122/282/282 1223/1289/1208
f 1223/1289/1208 122/282/282 123/281/281 1238/1304/1223
f 1238/1304/1223 123/281/281 124/280/280 1253/1319/1238
f 1253/1319/1238 124/280/280 125/279/279 1268/1334/1253
f 1268/1334/1253 125/279/279 126/278/278 1283/1349/1268
f 1283/1349/1268 126/278/278 127/277/277 1298/1364/1283
f 1298/1364/1283 127/277/277 128/275/275 1313/1379/1298
f 1313/1379/1298 128/275/275 3/276/276 69/531/531
f 1312/1378/1297 1313/1379/1298 69/531/531 70/530/530
f 1311/1377/1296 1312/1378/1297 70/530/530 71/529/529
f 1310/1376/1295 1311/1377/1296 71/529/529 72/528/528
f 1309/1375/1294 1310/1376/1295 72/528/528 73/527/527
f 1308/1374/1293 1309/1375/1294 73/527/527 74/526/526
f 1307/1373/1292 1308/1374/1293 74/526/526 75/525/525
f 1306/1372/1291 1307/1373/1292 75/525/525 76/524/524
f 1305/1371/1290 1306/1372/1291 76/524/524 77/523/523
f 1304/1370/1289 1305/1371/1290 77/523/523 78/522/522
f 1303/1369/1288 1304/1370/1289 78/522/522 79/521/521
f 1302/1368/1287 1303/1369/1288 79/521/521 80/520/520
f 1301/1367/1286 1302/1368/1287 80/520/520 81/519/519
f 1300/1365/1284 1301/1367/1286 81/519/519 82/518/518
f 1299/1366/1285 1300/1365/1284 82/518/518 83/516/516
f 174/1124/1073 1299/1366/1285 83/516/516 4/515/515
f 175/1123/1072 1284/1351/1270 1299/1366/1285 174/1124/1073
f 176/1122/1071 1269/1336/1255 1284/1351/1270 175/1123/1072
f 177/1121/1070 1254/1321/1240 1269/1336/1255 176/1122/1071
f 178/1120/1069 1239/1306/1225 1254/1321/1240 177/1121/1070
f 179/1119/1068 1224/1291/1210 1239/1306/1225 178/1120/1069
f 180/1118/1067 1209/1276/1195 1224/1291/1210 179/1119/1068
f 181/1117/1066 1194/1261/1180 1209/1276/1195 180/1118/1067
f 182/1116/1065 1179/1246/1165 1194/1261/1180 181/1117/1066
f 183/1115/1064 1164/1231/1150 1179/1246/1165 182/1116/1065
f 184/1114/1063 1149/1216/1135 1164/1231/1150 183/1115/1064
f 185/1113/1062 1134/1201/1120 1149/1216/1135 184/1114/1063
f 186/1112/1061 1119/1186/1105 1134/1201/1120 185/1113/1062
f 187/1111/1060 1104/1158/1077 1119/1186/1105 186/1112/1061
f 188/1110/1059 1089/1155/1074 1104/1158/1077 187/1111/1060
f 1314/1395/1314 1315/1396/1315 1330/1397/1316 1329/1398/1317
f 1315/1396/1315 1316/1399/1318 1331/1400/1319 1330/1397/1316
f 1316/1399/1318 1317/1401/1320 1332/1402/1321 1331/1400/1319
f 1317/1401/1320 1318/1403/1322 1333/1404/1323 1332/1402/1321
f 1318/1403/1322 1319/1405/1324 1334/1406/1325 1333/1404/1323
f 1319/1405/1324 1320/1407/1326 1335/1408/1327 1334/1406/1325
f 1320/1407/1326 1321/1409/1328 1336/1410/1329 1335/1408/1327
f 1321/1409/1328 1322/1411/1330 1337/1412/1331 1336/1410/1329
f 1322/1411/1330 1323/1413/1332 1338/1414/1333 1337/1412/1331
f 1323/1413/1332 1324/1415/1334 1339/1416/1335 1338/1414/1333
f 1324/1415/1334 1325/1417/1336 1340/1418/1337 1339/1416/1335
f 1325/1417/1336 1326/1419/1338 1341/1420/1339 1340/1418/1337
f 1326/1419/1338 1327/1421/1340 1342/1422/1341 1341/1420/1339
f 1327/1421/1340 1328/1423/1342 1343/1424/1343 1342/1422/1341
f 1329/1398/1317 1330/1397/1316 1345/1425/1344 1344/1426/1345
f 1330/1397/1316 1331/1400/1319 1346/1427/1346 1345/1425/1344
f 1331/1400/1319 1332/1402/1321 1347/1428/1347 1346/1427/1346
f 1332/1402/1321 1333/1404/1323 1348/1429/1348 1347/1428/1347
f 1333/1404/1323 1334/1406/1325 1349/1430/1349 1348/1429/1348
f 1334/1406/1325 1335/1408/1327 1350/1431/1350 1349/1430/1349
f 1335/1408/1327 1336/1410/1329 1351/1432/1351 1350/1431/1350
f 1336/1410/1329 1337/1412/1331 1352/1433/1352 1351/1432/1351
f 1337/1412/1331 1338/1414/1333 1353/1434/1353 1352/1433/1352
f 1338/1414/1333 1339/1416/1335 1354/1435/1354 1353/1434/1353
f 1339/1416/1335 1340/1418/1337 1355/1436/1355 1354/1435/1354
f 1340/1418/1337 1341/1420/1339 1356/1437/1356 1355/1436/1355
f 1341/1420/1339 1342/1422/1341 1357/1438/1357 1356/1437/1356
f 1342/1422/1341 1343/1424/1343 1358/1439/1358 1357/1438/1357
f 1344/1426/1345 1345/1425/1344 1360/1440/1359 1359/1441/1360
f 1345/1425/1344 1346/1427/1346 1361/1442/1361 1360/1440/1359
f 1346/1427/1346 1347/1428/1347 1362/1443/1362 1361/1442/1361
f 1347/1428/1347 1348/1429/1348 1363/1444/1363 1362/1443/1362
f 1348/1429/1348 1349/1430/1349 1364/1445/1364 1363/1444/1363
f 1349/1430/1349 1350/1431/1350 1365/1446/1365 1364/1445/1364
f 1350/1431/1350 1351/1432/1351 1366/1447/1366 1365/1446/1365
f 1351/1432/1351 1352/1433/1352 1367/1448/1367 1366/1447/1366
f 1352/1433/1352 1353/1434/1353 1368/1449/1368 1367/1448/1367
f 1353/1434/1353 1354/1435/1354 1369/1450/1369 1368/1449/1368
f 1354/1435/1354 1355/1436/1355 1370/1451/1370 1369/1450/1369
f 1355/1436/1355 1356/1437/1356 1371/1452/1371 1370/1451/1370
f 1356/1437/1356 1357/1438/1357 1372/1453/1372 1371/1452/1371
f 1357/1438/1357 1358/1439/1358 1373/1454/1373 1372/1453/1372
f 1359/1441/1360 1360/1440/1359 1375/1455/1374 1374/1456/1375
f 1360/1440/1359 1361/1442/1361 1376/1457/1376 1375/1455/1374
f 1361/1442/1361 1362/1443/1362 1377/1458/1377 1376/1457/1376
f 1362/1443/1362 1363/1444/1363 1378/1459/1378 1377/1458/1377
f 1363/1444/1363 1364/1445/1364 1379/1460/1379 1378/1459/1378
f 1364/1445/1364 1365/1446/1365 1380/1461/1380 1379/1460/1379
f 1365/1446/1365 1366/1447/1366 1381/1462/1381 1380/1461/1380
f 1366/1447/1366 1367/1448/1367 1382/1463/1382 1381/1462/1381
f 1367/1448/1367 1368/1449/1368 1383/1464/1383 1382/1463/1382
f 1368/1449/1368 1369/1450/1369 1384/1465/1384 1383/1464/1383
f 1369/1450/1369 1370/1451/1370 1385/1466/1385 1384/1465/1384
f 1370/1451/1370 1371/1452/1371 1386/1467/1386 1385/1466/1385
f 1371/1452/1371 1372/1453/1372 1387/1468/1387 1386/1467/1386
f 1372/1453/1372 1373/1454/1373 1388/1469/1388 1387/1468/1387
f 1374/1456/1375 1375/1455/1374 1390/1470/1389 1389/1471/1390
f 1375/1455/1374 1376/1457/1376 1391/1472/1391 1390/1470/1389
f 1376/1457/1376 1377/1458/1377 1392/1473/1392 1391/1472/1391
f 1377/1458/1377 1378/1459/1378 1393/1474/1393 1392/1473/1392
f 1378/1459/1378 1379/1460/1379 1394/1475/1394 1393/1474/1393
f 1379/1460/1379 1380/1461/1380 1395/1476/1395 1394/1475/1394
f 1380/1461/1380 1381/1462/1381 1396/1477/1396 1395/1476/1395
f 1381/1462/1381 1382/1463/1382 1397/1478/1397 1396/1477/1396
f 1382/1463/1382 1383/1464/1383 1398/1479/1398 1397/1478/1397
f 1383/1464/1383 1384/1465/1384 1399/1480/1399 1398/1479/1398
f 1384/1465/1384 1385/1466/1385 1400/1481/1400 1399/1480/1399
f 1385/1466/1385 1386/1467/1386 1401/1482/1401 1400/1481/1400
f 1386/1467/1386 1387/1468/1387 1402/1483/1402 1401/1482/1401
f 1387/1468/1387 1388/1469/1388 1403/1484/1403 1402/1483/1402
f 1389/1471/1390 1390/1470/1389 1405/1485/1404 1404/1486/1405
f 1390/1470/1389 1391/1472/1391 1406/1487/1406 1405/1485/1404
f 1391/1472/1391 1392/1473/1392 1407/1488/1407 1406/1487/1406
f 1392/1473/1392 1393/1474/1393 1408/1489/1408 1407/1488/1407
f 1393/1474/1393 1394/1475/1394 1409/1490/1409 1408/1489/1408
f 1394/1475/1394 1395/1476/1395 1410/1491/1410 1409/1490/1409
f 1395/1476/1395 1396/1477/1396 1411/1492/1411 1410/1491/1410
f 1396/1477/1396 1397/1478/1397 1412/1493/1412 1411/1492/1411
f 1397/1478/1397 1398/1479/1398 1413/1494/1413 1412/1493/1412
f 1398/1479/1398 1399/1480/1399 1414/1495/1414 1413/1494/1413
f 1399/1480/1399 1400/1481/1400 1415/1496/1415 1414/1495/1414
f 1400/1481/1400 1401/1482/1401 1416/1497/1416 1415/1496/1415
f 1401/1482/1401 1402/1483/1402 1417/1498/1417 1416/1497/1416
f 1402/1483/1402 1403/1484/1403 1418/1499/1418 1417/1498/1417
f 1404/1486/1405 1405/1485/1404 1420/1500/1419 1419/1501/1420
f 1405/1485/1404 1406/1487/1406 1421/1502/1421 1420/1500/1419
f 1406/1487/1406 1407/1488/1407 1422/1503/1422 1421/1502/1421
f 1407/1488/1407 1408/1489/1408 1423/1504/1423 1422/1503/1422
f 1408/1489/1408 1409/1490/1409 1424/1505/1424 1423/1504/1423
f 1409/1490/1409 1410/1491/1410 1425/1506/1425 1424/1505/1424
f 1410/1491/1410 1411/1492/1411 1426/1507/1426 1425/1506/1425
f 1411/1492/1411 1412/1493/1412 1427/1508/1427 1426/1507/1426
f 1412/1493/1412 1413/1494/1413 1428/1509/1428 1427/1508/1427
f 1413/1494/1413 1414/1495/1414 1429/1510/1429 1428/1509/1428
f 1414/1495/1414 1415/1496/1415 1430/1511/1430 1429/1510/1429
f 1415/1496/1415 1416/1497/1416 1431/1512/1431 1430/1511/1430
f 1416/1497/1416 1417/1498/1417 1432/1513/1432 1431/1512/1431
f 1417/1498/1417 1418/1499/1418 1433/1514/1433 1432/1513/1432
f 1419/1501/1420 1420/1500/1419 1435/1515/1434 1434/1516/1435
f 1420/1500/1419 1421/1502/1421 1436/1517/1436 1435/1515/1434
f 1421/1502/1421 1422/1503/1422 1437/1518/1437 1436/1517/1436
f 1422/1503/1422 1423/1504/1423 1438/1519/1438 1437/1518/1437
f 1423/1504/1423 1424/1505/1424 1439/1520/1439 1438/1519/1438
f 1424/1505/1424 1425/1506/1425 1440/1521/1440 1439/1520/1439
f 1425/1506/1425 1426/1507/1426 1441/1522/1441 1440/1521/1440
f 1426/1507/1426 1427/1508/1427 1442/1523/1442 1441/1522/1441
f 1427/1508/1427 1428/1509/1428 1443/1524/1443 1442/1523/1442
f 1428/1509/1428 1429/1510/1429 1444/1525/1444 1443/1524/1443
f 1429/1510/1429 1430/1511/1430 1445/1526/1445 1444/1525/1444
f 1430/1511/1430 1431/1512/1431 1446/1527/1446 1445/1526/1445
f 1431/1512/1431 1432/1513/1432 1447/1528/1447 1446/1527/1446
f 1432/1513/1432 1433/1514/1433 1448/1529/1448 1447/1528/1447
f 1434/1516/1435 1435/1515/1434 1450/1530/1449 1449/1531/1450
f 1435/1515/1434 1436/1517/1436 1451/1532/1451 1450/1530/1449
f 1436/1517/1436 1437/1518/1437 1452/1533/1452 1451/1532/1451
f 1437/1518/1437 1438/1519/1438 1453/1534/1453 1452/1533/1452
f 1438/1519/1438 1439/1520/1439 1454/1535/1454 1453/1534/1453
f 1439/1520/1439 1440/1521/1440 1455/1536/1455 1454/1535/1454
f 1440/1521/1440 1441/1522/1441 1456/1537/1456 1455/1536/1455
f 1441/1522/1441 1442/1523/1442 1457/1538/1457 1456/1537/1456
f 1442/1523/1442 1443/1524/1443 1458/1539/1458 1457/1538/1457
f 1443/1524/1443 1444/1525/1444 1459/1540/1459 1458/1539/1458
f 1444/1525/1444 1445/1526/1445 1460/1541/1460 1459/1540/1459
f 1445/1526/1445 1446/1527/1446 1461/1542/1461 1460/1541/1460
f 1446/1527/1446 1447/1528/1447 1462/1543/1462 1461/1542/1461
f 1447/1528/1447 1448/1529/1448 1463/1544/1463 1462/1543/1462
f 1449/1531/1450 1450/1530/1449 1465/1545/1464 1464/1546/1465
f 1450/1530/1449 1451/1532/1451 1466/1547/1466 1465/1545/1464
f 1451/1532/1451 1452/1533/1452 1467/1548/1467 1466/1547/1466
f 1452/1533/1452 1453/1534/1453 1468/1549/1468 1467/1548/1467
f 1453/1534/1453 1454/1535/1454 1469/1550/1469 1468/1549/1468
f 1454/1535/1454 1455/1536/1455 1470/1551/1470 1469/1550/1469
f 1455/1536/1455 1456/1537/1456 1471/1552/1471 1470/1551/1470
f 1456/1537/1456 1457/1538/1457 1472/1553/1472 1471/1552/1471
f 1457/1538/1457 1458/1539/1458 1473/1554/1473 1472/1553/1472
f 1458/1539/1458 1459/1540/1459 1474/1555/1474 1473/1554/1473
f 1459/1540/1459 1460/1541/1460 1475/1556/1475 1474/1555/1474
f 1460/1541/1460 1461/1542/1461 1476/1557/1476 1475/1556/1475
f 1461/1542/1461 1462/1543/1462 1477/1558/1477 1476/1557/1476
f 1462/1543/1462 1463/1544/1463 1478/1559/1478 1477/1558/1477
f 1464/1546/1465 1465/1545/1464 1480/1560/1479 1479/1561/1480
f 1465/1545/1464 1466/1547/1466 1481/1562/1481 1480/1560/1479
f 1466/1547/1466 1467/1548/1467 1482/1563/1482 1481/1562/1481
f 1467/1548/1467 1468/1549/1468 1483/1564/1483 1482/1563/1482
f 1468/1549/1468 1469/1550/1469 1484/1565/1484 1483/1564/1483
f 1469/1550/1469 1470/1551/1470 1485/1566/1485 1484/1565/1484
f 1470/1551/1470 1471/1552/1471 1486/1567/1486 1485/1566/1485
f 1471/1552/1471 1472/1553/1472 1487/1568/1487 1486/1567/1486
f 1472/1553/1472 1473/1554/1473 1488/1569/1488 1487/1568/1487
f 1473/1554/1473 1474/1555/1474 1489/1570/1489 1488/1569/1488
f 1474/1555/1474 1475/1556/1475 1490/1571/1490 1489/1570/1489
f 1475/1556/1475 1476/1557/1476 1491/1572/1491 1490/1571/1490
f 1476/1557/1476 1477/1558/1477 1492/1573/1492 1491/1572/1491
f 1477/1558/1477 1478/1559/1478 1493/1574/1493 1492/1573/1492
f 1479/1561/1480 1480/1560/1479 1495/1575/1494 1494/1576/1495
f 1480/1560/1479 1481/1562/1481 1496/1577/1496 1495/1575/1494
f 1481/1562/1481 1482/1563/1482 1497/1578/1497 1496/1577/1496
f 1482/1563/1482 1483/1564/1483 1498/1579/1498 1497/1578/1497
f 1483/1564/1483 1484/1565/1484 1499/1580/1499 1498/1579/1498
f 1484/1565/1484 1485/1566/1485 1500/1581/1500 1499/1580/1499
f 1485/1566/1485 1486/1567/1486 1501/1582/1501 1500/1581/1500
f 1486/1567/1486 1487/1568/1487 1502/1583/1502 1501/1582/1501
f 1487/1568/1487 1488/1569/1488 1503/1584/1503 1502/1583/1502
f 1488/1569/1488 1489/1570/1489 1504/1585/1504 1503/1584/1503
f 1489/1570/1489 1490/1571/1490 1505/1586/1505 1504/1585/1504
f 1490/1571/1490 1491/1572/1491 1506/1587/1506 1505/1586/1505
f 1491/1572/1491 1492/1573/1492 1507/1588/1507 1506/1587/1506
f 1492/1573/1492 1493/1574/1493 1508/1589/1508 1507/1588/1507
f 1494/1576/1495 1495/1575/1494 1510/1590/1509 1509/1591/1510
f 1495/1575/1494 1496/1577/1496 1511/1592/1511 1510/1590/1509
f 1496/1577/1496 1497/1578/1497 1512/1593/1512 1511/1592/1511
f 1497/1578/1497 1498/1579/1498 1513/1594/1513 1512/1593/1512
f 1498/1579/1498 1499/1580/1499 1514/1595/1514 1513/1594/1513
f 1499/1580/1499 1500/1581/1500 1515/1596/1515 1514/1595/1514
f 1500/1581/1500 1501/1582/1501 1516/1597/1516 1515/1596/1515
f 1501/1582/1501 1502/1583/1502 1517/1598/1517 1516/1597/1516
f 1502/1583/1502 1503/1584/1503 1518/1599/1518 1517/1598/1517
f 1503/1584/1503 1504/1585/1504 1519/1600/1519 1518/1599/1518
f 1504/1585/1504 1505/1586/1505 1520/1601/1520 1519/1600/1519
f 1505/1586/1505 1506/1587/1506 1521/1602/1521 1520/1601/1520
f 1506/1587/1506 1507/1588/1507 1522/1603/1522 1521/1602/1521
f 1507/1588/1507 1508/1589/1508 1523/1604/1523 1522/1603/1522
f 1509/1591/1510 1510/1590/1509 1525/1605/1524 1524/1606/1525
f 1510/1590/1509 1511/1592/1511 1526/1607/1526 1525/1605/1524
f 1511/1592/1511 1512/1593/1512 1527/1608/1527 1526/1607/1526
f 1512/1593/1512 1513/1594/1513 1528/1609/1528 1527/1608/1527
f 1513/1594/1513 1514/1595/1514 1529/1610/1529 1528/1609/1528
f 1514/1595/1514 1515/1596/1515 1530/1611/1530 1529/1610/1529
f 1515/1596/1515 1516/1597/1516 1531/1612/1531 1530/1611/1530
f 1516/1597/1516 1517/1598/1517 1532/1613/1532 1531/1612/1531
f 1517/1598/1517 1518/1599/1518 1533/1614/1533 1532/1613/1532
f 1518/1599/1518 1519/1600/1519 1534/1615/1534 1533/1614/1533
f 1519/1600/1519 1520/1601/1520 1535/1616/1535 1534/1615/1534
f 1520/1601/1520 1521/1602/1521 1536/1617/1536 1535/1616/1535
f 1521/1602/1521 1522/1603/1522 1537/1618/1537 1536/1617/1536
f 1522/1603/1522 1523/1604/1523 1538/1619/1538 1537/1618/1537
f 6/853/804 98/851/802 1314/1395/1314 38/1620/1043
f 98/851/802 97/850/801 1315/1396/1315 1314/1395/1314
f 97/850/801 96/849/800 1316/1399/1318 1315/1396/1315
f 96/849/800 95/848/799 1317/1401/1320 1316/1399/1318
f 95/848/799 94/847/798 1318/1403/1322 1317/1401/1320
f 94/847/798 93/846/797 1319/1405/1324 1318/1403/1322
f 93/846/797 92/845/796 1320/1407/1326 1319/1405/1324
f 92/845/796 91/844/795 1321/1409/1328 1320/1407/1326
f 91/844/795 90/843/794 1322/1411/1330 1321/1409/1328
f 90/843/794 89/842/793 1323/1413/1332 1322/1411/1330
f 89/842/793 88/841/792 1324/1415/1334 1323/1413/1332
f 88/841/792 87/840/791 1325/1417/1336 1324/1415/1334
f 87/840/791 86/839/790 1326/1419/1338 1325/1417/1336
f 86/839/790 85/838/789 1327/1421/1340 1326/1419/1338
f 85/838/789 84/837/788 1328/1423/1342 1327/1421/1340
f 84/837/788 5/836/243 159/1621/242 1328/1423/1342
f 1328/1423/1342 159/1621/242 160/1622/241 1343/1424/1343
f 1343/1424/1343 160/1622/241 161/1623/240 1358/1439/1358
f 1358/1439/1358 161/1623/240 162/1624/239 1373/1454/1373
f 1373/1454/1373 162/1624/239 163/1625/238 1388/1469/1388
f 1388/1469/1388 163/1625/238 164/1626/237 1403/1484/1403
f 1403/1484/1403 164/1626/237 165/1627/236 1418/1499/1418
f 1418/1499/1418 165/1627/236 166/1628/235 1433/1514/1433
f 1433/1514/1433 166/1628/235 167/1629/234 1448/1529/1448
f 1448/1529/1448 167/1629/234 168/1630/233 1463/1544/1463
f 1463/1544/1463 168/1630/233 169/1631/232 1478/1559/1478
f 1478/1559/1478 169/1631/232 170/1632/231 1493/1574/1493
f 1493/1574/1493 170/1632/231 171/1633/230 1508/1589/1508
f 1508/1589/1508 171/1633/230 172/1634/229 1523/1604/1523
f 1523/1604/1523 172/1634/229 173/1635/227 1538/1619/1538
f 1538/1619/1538 173/1635/227 1/226/226 39/1394/1313
f 1537/1618/1537 1538/1619/1538 39/1394/1313 40/1393/1312
f 1536/1617/1536 1537/1618/1537 40/1393/1312 41/1392/1311
f 1535/1616/1535 1536/1617/1536 41/1392/1311 42/1391/1310
f 1534/1615/1534 1535/1616/1535 42/1391/1310 43/1390/1309
f 1533/1614/1533 1534/1615/1534 43/1390/1309 44/1389/1308
f 1532/1613/1532 1533/1614/1533 44/1389/1308 45/1388/1307
f 1531/1612/1531 1532/1613/1532 45/1388/1307 46/1387/1306
f 1530/1611/1530 1531/1612/1531 46/1387/1306 47/1386/1305
f 1529/1610/1529 1530/1611/1530 47/1386/1305 48/1385/1304
f 1528/1609/1528 1529/1610/1529 48/1385/1304 49/1384/1303
f 1527/1608/1527 1528/1609/1528 49/1384/1303 50/1383/1302
f 1526/1607/1526 1527/1608/1527 50/1383/1302 51/1382/1301
f 1525/1605/1524 1526/1607/1526 51/1382/1301 52/1381/1300
f 1524/1606/1525 1525/1605/1524 52/1381/1300 53/1380/1299
f 24/1636/1057 1524/1606/1525 53/1380/1299 2/1109/1058
f 25/1637/1056 1509/1591/1510 1524/1606/1525 24/1636/1057
f 26/1638/1055 1494/1576/1495 1509/1591/1510 25/1637/1056
f 27/1639/1054 1479/1561/1480 1494/1576/1495 26/1638/1055
f 28/1640/1053 1464/1546/1465 1479/1561/1480 27/1639/1054
f 29/1641/1052 1449/1531/1450 1464/1546/1465 28/1640/1053
f 30/1642/1051 1434/1516/1435 1449/1531/1450 29/1641/1052
f 31/1643/1050 1419/1501/1420 1434/1516/1435 30/1642/1051
f 32/1644/1049 1404/1486/1405 1419/1501/1420 31/1643/1050
f 33/1645/1048 1389/1471/1390 1404/1486/1405 32/1644/1049
f 34/1646/1047 1374/1456/1375 1389/1471/1390 33/1645/1048
f 35/1647/1046 1359/1441/1360 1374/1456/1375 34/1646/1047
f 36/1648/1045 1344/1426/1345 1359/1441/1360 35/1647/1046
f 37/1649/1044 1329/1398/1317 1344/1426/1345 36/1648/1045
f 38/1620/1043 1314/1395/1314 1329/1398/1317 37/1649/1044
